ticker,upper bound,lower bound
A,2.100482426734275,-2.7711700359181917
AA,2.140995715288191,-1.3802071066413817
AAL,0.5072771065505263,-0.008770346173651116
AAN,0.030517124031448753,-1.5199698532417547
AAON,1.5921935895777888,-0.7234259044036606
AAP,3.1705721046322832,-0.031065316723071244
AAPL,2.656655446223719,-1.5103871042071726
ABBV,1.62037294754329,-1.2177746428961673
ABCB,1.2503103078916245,-0.7752920815966161
ABCL,0.5812122419798305,-1.2748379894276798
ABEV,0.10586063536412213,-0.04954185885278509
ABG,4.227908565666388,-5.415794516752582
ABM,0.7181327199106785,-0.6901608237296047
ABNB,7.346480870867459,-2.590929299272176
ABR,0.2013342659441911,-0.28871557565480377
ABT,1.2883323822922899,-2.5470017443915216
ABUS,0.2157372899896996,-0.10793130174214835
ACA,0.0387016033999068,-0.961337011544116
ACB,0.36867811402269973,-0.27373764104100695
ACCD,1.2350418385154325,-1.5331746555654047
ACCO,0.18563428708514285,-0.18238266683764376
ACEL,0.22728795761539922,-0.23971828811577314
ACGL,0.516150219878467,-0.4906038046974059
ACHC,1.3520286940028419,-1.4491987399811461
ACI,0.9508343908717503,-0.6160691433588985
ACIW,0.6929163899120289,-0.42278101321304506
ACLS,1.262430081117022,-0.7688714480802596
ACM,1.0135292233953093,-0.8885933220259962
ACMR,3.6945944529546426,-4.665204322249986
ACN,3.7921750672112657,-3.2770951689177847
ACRE,0.23786459364523788,-0.46194980922445683
ACRS,0.6364622041253265,-1.0712832970365977
ACTG,0.311226339169175,-0.22296726594646915
ADBE,9.792735744268445,-7.9997654128933195
ADCT,0.7010218582827538,-0.8426493377255715
ADI,1.9527437326370856,-0.008223557326109682
ADMA,0.058770132967545775,-0.05676095420493606
ADNT,1.2621026790703613,-1.5283708644397795
ADSK,4.359757043447617,-5.207748195782281
ADT,0.24160136231104637,-0.3163519365360134
ADTN,0.4676004497273546,-0.6699860364493426
ADV,0.13034752540165215,-0.2569541617800509
AEHR,1.3748453239247573,-0.30768092397594304
AEIS,1.6886422098251013,-2.872077372530261
AEL,0.7843873226380718,-0.025145798878311622
AEP,0.860764581961313,-1.1168048565340931
AER,1.0665781763877313,-0.8809170316585109
AES,0.2878370582590729,-0.2884195677529346
AFG,1.974888623250402,-3.4671877578248322
AFL,0.4653307835079744,-0.7825947272147713
AFMD,0.24877675522911466,-0.257211626544699
AG,0.28696393236205325,-0.4001516562661756
AGCO,1.957006532962231,-0.07549169031699397
AGEN,0.21888847889581436,-0.3147926962532651
AGNC,0.09356298418624376,-0.2462435901198122
AGO,0.6767872580471194,-0.5970026896369511
AGRO,0.21980841471569823,-0.29878798055296046
AGYS,1.1708736532260033,-2.480376157075864
AHCO,0.8100502896400152,-0.7333202424846899
AHH,0.3030424206518647,-0.15987809491368682
AHT,1.8993816769701202,-1.2536238921548004
AI,3.3211549432571714,-2.006311336961438
AIG,1.1327852704861368,-1.0189222365479826
AIN,1.5799466735361238,-1.3676973087691688
AIR,0.6849526010827685,-0.5807179329384343
AIT,1.5414468595487616,-1.9076966274171032
AIV,0.10273452221609128,-0.1587691802972709
AIZ,1.4617875461232956,-1.921840552293482
AJG,1.6005365392017992,-1.4940777871707103
AKAM,1.284612849076931,-1.499411461822952
AKTS,0.0018603260641999616,-0.27952340050819163
AL,1.4755415707466193,-0.7148251333411314
ALB,5.9807280126133815,-3.8679340009971144
ALC,2.332596290539797,-0.7914499198011498
ALDX,0.019541622985080394,-0.016299270141395053
ALE,0.8112773486718531,-0.8946567156161843
ALEC,4.155897123138221,-1.58298569499783
ALEX,0.533375170833388,-0.2893910839104087
ALGM,0.5053576957202351,-0.6075005058008953
ALGN,13.677531224839587,-14.013188178215838
ALGT,3.5091222701932754,-3.3241269408499567
ALK,1.1924541858108317,-1.2107537801682962
ALKS,0.6209893655004606,-1.2839524889499117
ALL,1.1607617016120992,-1.555528173650986
ALLE,1.1797951623802667,-1.428048994086772
ALLK,2.2723208904419128,-2.662308292049334
ALLO,0.7067932885838271,-2.6255631582898347
ALLY,0.6116086693133567,-0.8654951683293849
ALRM,1.2491385999336402,-1.5632073683818053
ALSN,0.31475358554263955,-0.599614052371278
ALT,0.5356724925905754,-0.5088289045287878
ALTR,1.2611587937311783,-1.0259565514799025
ALV,0.003427744812993832,-1.6255837568842277
ALVR,0.5615540099793022,-0.006260753483997714
AM,0.14513136498372797,-0.18833548675632455
AMBA,7.434068749767765,-3.092732858614929
AMBC,0.40453108241416075,-0.2099484568077005
AMC,8.005901135967179,-2.7600955407597767
AMCR,0.14264391761631132,-0.14419569403899662
AMCX,3.5854450471177377,-1.5055182745774238
AMD,4.802029529094008,-0.038252179715334504
AME,1.9775887877010943,-1.0824940175224465
AMED,4.373751708991182,-15.025334190620871
AMGN,1.3739736359352233,-2.217280121303856
AMH,0.35481293285423865,-0.38717644134219226
AMKR,0.5598318994173719,-0.7076246530162701
AMN,2.8069104391536834,-5.722809067327497
AMP,3.473448710156388,-4.02325856072076
AMPH,0.35185783809449794,-0.28067144042291114
AMPY,0.2202466966727908,-0.46767826584112004
AMRC,2.3966924461365613,-1.411112103215625
AMRN,0.17090626073080234,-0.1317144369949333
AMRX,0.15030228105296647,-0.1287069471573153
AMSC,0.5711832735090805,-0.4700092871477042
AMT,2.9421431797808557,-3.7740371362055294
AMTX,0.8338548858688212,-0.0181869758527834
AMWL,0.3082119546933913,-0.30614294507785667
AMX,0.27457378219377226,-0.22443932175989612
AMZN,60.11433935958442,-72.5216718971086
AN,3.298523859239956,-1.9979100605032323
ANAB,0.7503727512274972,-0.6145607786369842
ANDE,0.596254057049127,-0.637686674304671
ANET,6.367432153101968,-1.2571522313064996
ANF,1.5484420732003938,-1.063046776557281
ANGI,0.3716741964176055,-0.4060626655043415
ANGO,0.5732670476762762,-0.4768759231042039
ANSS,6.944668257376681,-3.7901426909880462
AON,6.402392301374797,-4.393815801776473
AOS,2.097887374407132,-1.1988226644312372
APA,0.7341636126551594,-0.7465452339510403
APAM,0.6689913113000501,-1.046932596114758
APD,3.1455409849928992,-3.3774023773599176
APG,0.5823203407045028,-0.6197024497607942
APH,0.9506126831048468,-0.6717324744092742
API,1.1186596290337913,-1.8393333289865288
APLE,0.22309916387087028,-0.16693774961705268
APOG,0.7899088187317348,-0.9181812356131555
APPF,1.8040190467344648,-2.6793732846437868
APPN,4.0339177997186315,-3.971045174363637
APPS,2.2510347204504284,-3.891260422052708
APTV,2.7160657597116744,-2.5162465739196986
AQN,0.13222989503287957,-0.23198399000436148
AR,0.564788483208045,-0.43256556303651456
ARAY,0.20799300002823257,-0.0021872302674040113
ARCB,4.707342755714067,-3.4036640053893854
ARCC,0.10391051568979634,-0.12612121825941947
ARCH,3.917351407157745,-0.12284097310837841
ARCO,0.14815772174485936,-0.08791513297223548
ARCT,2.0915078769386044,-1.7290013456982252
ARE,0.12437941140370944,-1.2038962053270605
AREC,0.14167388320456883,-0.07443486675680921
ARES,0.11544412563988907,-0.8410835193334932
ARI,0.19070087155550247,-0.2387051434269521
ARLO,0.2349787845410532,-0.11809391888600013
ARMK,0.5618919970065751,-0.5112251295567432
AROC,0.12487377058636955,-0.17891323296758413
ARQT,0.003378840467999167,-0.6864906198698538
ARR,0.07934586192030957,-0.1568885031323199
ARRY,0.8737252488344605,-0.5141276236982483
ARVN,4.441667252634163,-2.2001474829212633
ARW,1.2089550891958862,-1.5314026204700772
ARWR,2.269657905597268,-1.672432853799095
ASAN,4.198157777005027,-3.450672118311938
ASB,0.384309563984483,-0.3535276573970808
ASGN,1.779443046977211,-1.4835411207846512
ASIX,0.9447671831154045,-0.5817396988999592
ASO,1.264652828189811,-0.8996979016018775
ASPN,2.412307036326578,-1.103554304263236
ASRT,0.07618038099465925,-0.06921141442059535
ASTE,3.606126134559161,-1.6016813635811302
ATEC,0.42793331807852575,-0.356826391429471
ATEN,0.3569522146761338,-0.18926921877545572
ATGE,0.8280417510708543,-1.4422226964054086
ATHA,0.44018312237968643,-1.9625443662050044
ATHM,1.1733407252835444,-2.246370047467093
ATI,0.40111288610425644,-0.5428913498650391
ATKR,2.550151299164514,-1.870160431869207
ATO,1.0505080275473957,-1.2079650919203835
ATOM,1.7038947582553496,-1.3198119051352024
ATOS,0.16831278867670138,-0.1766899751843842
ATR,1.1512788489513788,-1.92506156167527
ATRA,0.7892100875226997,-0.4314825911611148
ATRC,2.550021620271509,-2.531200391750328
ATSG,0.48452559657108385,-0.3776377767209566
ATUS,0.2926292266423527,-1.3424367742207133
AU,0.5100182571329731,-0.9338755987941907
AUPH,2.2051992104048717,-2.2922315436628624
AVA,0.23206268145686298,-0.4088743560257805
AVAV,1.1456991399759038,-2.482486947990575
AVB,2.3285430740987856,-1.3197357637961498
AVD,0.35277227948621326,-0.28491468780277074
AVGO,5.8688037096339665,-4.13284648932653
AVIR,2.767124494505738,-0.7932534346837399
AVNT,0.941349169404621,-0.7495494500206716
AVT,0.5038361367002345,-0.8657952027641609
AVTR,0.6316639017656509,-0.9033042354842238
AVY,2.1952584484366793,-2.799923917216251
AWI,1.2028730976442878,-1.236444390548866
AWK,1.6682162781931487,-2.332815504487058
AWR,0.8432697608178892,-1.13309169210213
AX,1.3041565839252331,-0.5433202274651926
AXNX,0.019175028756789746,-1.3843775376926235
AXP,2.9267644453027093,-0.11477232301221899
AXS,0.7135985623629663,-0.8021238065662064
AXSM,2.1060458364875623,-6.257071477169074
AXTA,0.39982277619693685,-0.4739074091982505
AXTI,0.378637987260021,-0.4304954935677863
AY,0.5357533930681433,-0.3639066484725462
AYI,5.394515487467165,-3.8627653620594486
AZEK,0.8401004661245663,-0.7333082905597272
AZO,22.68952121278521,-17.830989164371335
AZPN,7.738481382247898,-2.272156372070982
AZUL,0.7550027196293411,-0.7484551840141144
AZZ,1.239498661010953,-0.8513630386126667
B,0.7458110184618418,-0.7992663210537285
BA,3.584809361658072,-5.199956099291601
BABA,4.5581743055681025,-6.1274618004522114
BAC,0.708109999312317,-0.6280332051352959
BAH,0.9112059168341851,-1.3947165309326024
BAK,0.7268727382861664,-0.9453789523187581
BALY,1.750710432229985,-1.18847013197719
BAND,2.501069815380398,-2.7782215263668286
BANR,0.9199617497190895,-0.8864118655892291
BAP,4.214714545036086,-3.270449424420588
BAX,1.6044183381636405,-0.8389379477160401
BB,1.4148324055638117,-0.349469666193126
BBAR,0.1770328441709162,-0.12862998235782191
BBIO,0.9467125990505335,-1.6432369822205222
BBW,1.353912733908928,-0.40548769731103945
BBY,2.2566850853120095,-1.4377705389033288
BC,1.3373395823810306,-0.02574249920735166
BCAT,0.18302574604809735,-0.2612979989375085
BCC,2.4190230347644013,-2.0466447504409078
BCO,1.880060165794939,-1.310060000292653
BCRX,0.49242074116516654,-0.7516484356983084
BCSF,0.10381993484794487,-0.11479912439456333
BDC,1.2815401728710751,-0.8405502345113222
BDN,0.14509212237270597,-0.170744829973829
BDX,2.227582285379524,-2.2704759271357666
BE,1.309855409347662,-0.7944209008189157
BEAM,4.159072606303217,-5.70050745396193
BEEM,1.3212392730941047,-1.163526395549623
BEKE,1.0800081490782418,-3.0709533085246115
BEN,1.505187277524215,-0.6187784301448879
BEP,0.5437798680408499,-0.4530832900750814
BERY,0.8736155091580322,-0.8095855884842409
BFAM,2.1553282997230268,-4.917871558613897
BG,1.0980453305359743,-1.9123059338159065
BGFV,1.9992477671140045,-2.4848334173878954
BGS,0.7005401408893064,-0.5162450947587234
BHE,0.4686773041800946,-0.6156170829309543
BHF,1.0388985879995682,-1.0055396422047278
BHLB,0.6200723641571463,-0.3985905077930497
BHP,0.9003230667958265,-2.9184550890803926
BIDU,4.069687646554373,-4.401614785833869
BIG,1.7033901005619214,-1.4965919799371517
BIGC,3.4661228688307344,-2.241840510461892
BILI,0.050957082403656775,-6.060190236545891
BILL,7.320029871316462,-7.975955240152895
BJ,2.2645546750504404,-0.9469930374298736
BJRI,1.4928847287012121,-1.3686849667516756
BK,0.6754468610074489,-0.02663562864387079
BKCC,0.05311468279873795,-0.06647663775947543
BKD,0.34038410898228066,-0.1671542387246921
BKE,1.13257678422578,-0.9997194128054528
BKH,0.6045113281275614,-0.7713413466146959
BKNG,26.35110043017059,-38.80909450655793
BKR,0.3809588397860696,-0.5884615860653309
BKU,0.6772449766715702,-0.7801578578868076
BL,2.4498235854392894,-2.210671154945922
BLBD,0.8875225815744663,-0.7718450183831979
BLD,5.806005706425467,-3.1276005108698377
BLDP,0.560597108731294,-0.41634727602332766
BLDR,2.0192159384862927,-0.6087570419382715
BLK,13.928096570825035,-13.4273449487009
BLKB,3.11658500180336,-1.3546140405523848
BLMN,0.46886588543427365,-0.6676319494207478
BLNK,2.1778059676151043,-1.1698944173888164
BMA,0.6151985016575094,-0.5441211413662467
BMRN,1.2611817532829273,-1.5317974178671225
BMY,0.6014267302107934,-0.006796084964999569
BNED,0.3552100395816787,-0.47076415572143704
BNGO,0.5004112224096918,-0.20482810438191976
BNL,0.3899242039089793,-0.35708696658515826
BNTX,20.78953635227718,-15.426233126654676
BOH,1.2395680867405976,-1.3089609894068777
BOKF,1.5952531954331235,-1.1336319190450534
BOOT,2.8154524311744704,-1.609915181542792
BOX,0.4493493962197957,-0.6857472654187702
BPMC,2.5154914899434226,-2.0461659001670585
BPOP,1.3777934428701866,-1.434684640642433
BRBR,0.4095653330775374,-0.7917667853604965
BRC,0.5680167649288133,-0.9407402160157382
BRFS,0.2215074913260693,-0.1535999475710682
BRKL,0.245187081982617,-0.23463831673390476
BRKR,0.15497168191408756,-1.5055913199161044
BRO,0.9449489140870109,-0.6473327917656826
BRP,1.467051419873758,-0.63676698607741
BRY,0.4092204626754138,-0.25251641565808197
BSAC,0.3605857971884938,-0.4520496304324404
BSBR,0.2093076495743813,-0.18113364064474324
BSIG,0.32499349785384474,-0.18283462963105665
BSX,0.5025198892877212,-0.007057230108434566
BSY,1.0303545551901991,-1.524779962313814
BTAI,1.0464334158295983,-1.4545026302011244
BTG,0.08085432153866955,-0.11319931031038946
BTU,0.8570687824273614,-0.8143594221521913
BUD,1.3511822795296642,-1.2505997469898145
BURL,4.183518244986969,-8.868433456706166
BUSE,0.5204976207710583,-0.021549890567635805
BV,0.2788608596542418,-0.43672666545192357
BVN,0.21224286244656676,-0.28410081688699657
BW,0.566997686050061,-0.21292651367696247
BWA,0.7728200323717108,-1.0022049640985966
BWXT,0.6482910521273534,-0.9713427420392229
BXC,3.084509902762597,-1.4201709872419612
BXP,1.2550289138939619,-1.1533836913698319
BYD,1.1268229964953012,-1.2095599646615545
BYND,3.0026443118257093,-4.222495498213573
BZH,0.664381748630427,-0.5309884805280219
CACI,2.653347606557438,-3.370709830947695
CADE,2.070981690540197,-0.4611468552503816
CAG,0.2803513265505509,-0.49755864754428647
CAH,0.6344458079453057,-2.0875408044125856
CAKE,1.3360902528014396,-1.4683050285955843
CAL,0.5569259110987551,-0.7015042477157973
CALM,0.34408762523816827,-0.5159885281733482
CALX,2.528406981139095,-0.79774155608432
CAN,0.4938127712916337,-0.48736313523810776
CAR,5.115468034945805,-6.146684241931338
CARG,0.7840599126192823,-0.6412626075414091
CARR,0.9287893858716955,-0.6948840050985498
CARS,0.2962598400477402,-0.36101906373077186
CASH,1.1841634356144253,-1.771966409569035
CASY,2.1373395379073705,-2.8229291839024153
CAT,2.8686926933159738,-2.651706281162992
CATY,0.7031094552757023,-0.5560468847576651
CB,2.2388337866172114,-1.3039451282957466
CBD,0.2022957765614525,-0.1434587063698601
CBOE,1.3714768148688303,-1.3176467256071982
CBRE,1.9255040444981806,-1.2553338966739056
CBRL,2.6924821664425935,-2.4807599948405294
CBSH,0.7364578186743529,-0.797698408926801
CBT,0.8977994376798212,-1.1439255587451953
CBU,0.6663383039459285,-0.8531978550802242
CC,0.7410901324967141,-0.9310867414048628
CCEP,0.6524632176309537,-1.060358940671173
CCI,1.8471812401710657,-2.3215781234817667
CCK,1.6155795666504418,-1.6843128156495584
CCL,0.6730673854287046,-0.7736394383059668
CCO,0.12254366022098614,-0.06323453736795256
CCOI,0.7720512037372796,-0.9800424728002863
CCRN,0.7021678170410157,-0.6260686245434919
CCS,1.3405748350202087,-2.804430774765568
CCU,0.37935731548903984,-0.2712825969070402
CDE,0.18386088765610126,-0.28859148910651555
CDLX,3.3679562859290817,-9.604218171640039
CDMO,0.8824260373088684,-0.5151311552750766
CDNA,0.022930058416364488,-4.48790675110484
CDNS,2.510306754377131,-0.5976289221027657
CDW,2.625703208105053,-2.0937054812318827
CDXS,1.0441423110308548,-0.023684366900825593
CDZI,0.2729620947501066,-0.34655038057988613
CE,0.047260562530869035,-2.9829284699881304
CEIX,1.683560946630608,-0.6646318074622067
CELH,2.914623032483023,-5.200762878460675
CENTA,0.6491146583447176,-0.707735919978529
CENX,0.5404256402495353,-0.734730074917111
CERE,3.4070427310337545,-1.3256792487833293
CERS,0.2940730697480846,-0.13378912188404446
CERT,0.8599350349648796,-2.0118588172674365
CEVA,1.4518350812364966,-0.09524064234192473
CF,1.519858135703387,-1.0187662220344036
CFFN,0.14392933235875352,-0.17278267806633954
CFR,2.435208620308253,-1.2023479629987368
CG,0.9300366751258196,-0.6685112041548973
CGBD,0.11919203706476936,-0.11253967889086243
CGNX,1.2835761438852997,-2.280856934108679
CHD,0.768712249561707,-0.6304537393060108
CHDN,3.3164395818587433,-4.826761754260206
CHEF,0.9237081043448458,-0.6635522321295048
CHGG,0.019853726739529017,-6.300513533348985
CHH,2.319242499817493,-0.08510217893755581
CHKP,1.5273968045241595,-1.5093469793550771
CHMI,0.12109088125020573,-0.11369580449167864
CHRS,0.40961773967778836,-0.28942000912923005
CHRW,1.5748831199063598,-1.1842364219518193
CHT,0.2617378416180406,-0.5650040576134243
CHTR,9.252801278487206,-13.160233182676887
CHWY,1.847740155173641,-2.9274990480350818
CHX,0.8611340515980513,-0.6596744113793215
CI,2.6130180310649287,-5.749146858676393
CIEN,1.2815840235760714,-0.6403994759635363
CIG,0.05746212831447214,-0.08185187279475688
CIM,0.23793302419998716,-0.13941251443636854
CINF,1.3036898233356873,-1.5830072702507298
CL,0.3499232570695626,-0.8115392506177642
CLB,1.4886139629535553,-1.0335179713875353
CLDT,0.1706272234047316,-0.21160794507766728
CLDX,3.0233247358470066,-1.602983775052395
CLF,1.0073065754165154,-0.7022127937375097
CLFD,1.5418909080195236,-1.3287472343654418
CLH,1.237528312113922,-2.0076511813580353
CLNE,0.6556323246996205,-0.3379349067537528
CLSK,0.844881727384897,-0.5896871052551168
CLW,1.0224287642590393,-0.6562497306668051
CLX,1.5776922860365046,-4.3043877451279675
CMA,1.9000664770326554,-5.286692977205477
CMC,0.7203229236905866,-0.5799756733418817
CMCSA,0.44881813623689476,-0.8660386488680928
CMG,52.03056565088551,-25.591320269771767
CMI,2.167667063659288,-3.871677326105957
CMP,2.2561769308414306,-3.754190428571559
CMPR,1.936345561020931,-3.5940400257373684
CMPS,1.208996205689594,-2.8012404122357712
CMRE,0.33130176749563367,-0.2410194691152333
CMRX,0.15840826207280734,-0.1579585994760183
CMS,0.4196449769104585,-0.6155652582852703
CMTL,1.3472754922127708,-0.7646322358470994
CNA,0.4828300335052265,-0.5777299119042623
CNC,1.1051195881245461,-0.8048227019294371
CNDT,0.15960868635993217,-0.20084191845287286
CNK,0.5733770539742702,-0.6853138439376819
CNMD,2.36111017272396,-2.3325884189088817
CNNE,0.010225077331762844,-0.6591190585558835
CNO,0.36398359319255935,-0.4569090893427853
CNOB,0.34267401071467385,-0.29839874509338443
CNS,1.1574694370812222,-0.014763567345810165
CNSL,0.1742348076641937,-0.27421026298957873
CNXC,2.2604806602087146,-2.091670078861791
COF,2.2606375124698497,-3.8256336948578267
COGT,0.38174641493475975,-0.35032377669504583
COHU,0.5525066171958011,-0.8438971614544262
COLB,0.9953782872882838,-1.4239504526186764
COLD,0.3984285947283002,-0.9382030285981247
COLL,0.538493284953559,-1.2199976866910414
COLM,0.9645415091407712,-0.03177938368485758
COO,6.9248822925917315,-0.33229114398517723
COOP,0.6436800112814,-0.3933224162951989
COP,1.4477710444453649,-1.2360528230930403
CORT,1.061178126489609,-0.3770356940171308
COST,5.900228148359415,-3.133288791703131
COTY,0.3498232969033857,-0.27623427971958303
CPF,0.4632658370395947,-0.0035725747258055053
CPRI,1.7778293366048967,-1.3877998269966292
CPRT,1.7414467100477435,-2.0390158191719268
CPS,0.03260963852879019,-1.041955232014443
CPT,1.5466341443194946,-1.0357872625634432
CRC,1.016355764619775,-0.7874758196808679
CRDF,0.29921381636651057,-0.2463220843500435
CRI,0.015809171031926077,-1.72185544472222
CRK,0.36174411723209815,-0.2809179156152104
CRL,0.17826250161407442,-3.4565762759995797
CRM,5.980824879167174,-3.791338776244321
CRMD,0.10622608878525897,-0.19637239433806103
CRNC,4.408653012887813,-6.0348838476286994
CRNX,1.1292742061148933,-0.5341254936530498
CROX,3.832134207133431,-2.7414203938961847
CRS,0.8179602521563696,-1.0247112637730302
CRSR,1.239506033102511,-0.0006642826142672636
CRTO,1.0155731477245378,-0.768893957924084
CRUS,1.2483285042748176,-1.057999884725894
CRWD,8.347247416846821,-8.620552634096823
CSCO,0.5957777051034302,-0.3083743675134613
CSGP,1.4823988057631967,-2.56757407734881
CSGS,0.8618731909967678,-0.38080163946917406
CSIQ,1.7798809391134465,-1.3660721024285623
CSL,2.816218175113668,-1.763434277067078
CSTL,2.4878137503507642,-1.8757256386403836
CSTM,0.4083130523202122,-0.4658698143225001
CSWC,0.4345223544013721,-0.4544349393628142
CSX,0.4392473217196737,-0.30385028536561287
CTAS,4.158411742283773,-3.8920176675072193
CTLT,2.3022138205327662,-3.3432908358873297
CTRE,0.1816358979942693,-0.3068002380896698
CTRM,0.6839132305050302,-0.10813215861970717
CTSH,1.2352103536417167,-0.5515110300447419
CTVA,0.6712875497737463,-0.7176064033865205
CTXR,0.21870875367618692,-0.06906262957875259
CUBE,0.741320865432216,-0.5098689109843699
CUBI,1.7306555438452114,-0.7341852376626574
CUTR,1.4709740203604742,-1.213338033407994
CUZ,0.39003386006077967,-0.40344561315555644
CVAC,2.7211105156091278,-9.93537290590603
CVBF,0.16766798356410362,-0.23846386112900475
CVGW,0.8441088332045406,-2.2446183886520394
CVI,0.6553817941176256,-1.0288816184857354
CVLT,1.7276639775018263,-3.635199744655984
CVM,0.6266725374928026,-2.795810642611644
CVNA,7.623829829590408,-5.158655035995395
CVS,1.5290185148230375,-0.02984444964316773
CVX,1.3640670795796506,-1.6909584069802865
CW,1.4856333021987749,-1.378680417563743
CWH,1.3684484793341505,-0.8294566310463948
CWK,0.3129302314803862,-0.26301085421153897
CWST,1.2176429838766683,-0.4718005887175901
CWT,0.9570941594903042,-0.9232677325945802
CX,0.2121863977369824,-0.15607148696403358
CXW,0.4799636960488135,-0.28697861394034974
CYBR,3.947803452404645,-5.1700604060539455
CYH,0.5669054895548593,-9.605443359523224e-05
CYRX,0.06193870867067035,-0.05635087111513226
CZR,2.973835827549428,-1.8986344822281476
D,0.9518534211296868,-0.5290123457094659
DAC,1.820178859477527,-2.2413493803679776
DADA,1.1624644741170893,-1.2846060667711083
DAL,1.0822469529292493,-0.7504707327752937
DAN,0.5502062188389667,-0.6917456081965514
DAR,1.3767351346979595,-1.9514124014009955
DASH,10.07821353908746,-9.988154957329865
DAVA,3.3208888959259206,-2.1458474787329087
DBI,0.015163017251507555,-0.46826796399661236
DBX,0.35441533287987664,-0.5975909748449191
DCI,0.0153063375726161,-1.5047288498152063
DCOM,0.5712874821592568,-0.44884789637581984
DCPH,0.6044961367247387,-6.255590165105897
DD,2.225307364472901,-1.361006565166187
DDD,1.893372290966673,-1.4001359649013196
DDOG,4.770760556512279,-1.858533771248799
DE,4.393018939702505,-6.51117734921475
DEA,0.17389626976684547,-0.2050933992510641
DECK,9.123975629528857,-8.24646716704537
DEI,0.47320566812728665,-0.4448836912014622
DELL,1.3064293907843134,-13.620063768526443
DENN,0.27836494895201314,-0.3297917543899781
DESP,0.28664954420490146,-0.3237032790627029
DG,1.897721152796736,-2.356484946424474
DGII,0.5256168270762945,-0.2450099664883839
DGX,1.6826924955144413,-1.6971714298372111
DHI,1.5629711507306707,-1.2397632373252403
DHR,3.736174060577797,-4.650602918046965
DHT,0.12223945919001813,-0.002294158403238696
DIN,1.3821973389847177,-2.074584944041775
DIS,2.236776028832111,-3.4426943025024452
DK,0.7465791482037015,-0.01864303035533892
DKNG,1.655305456118389,-1.6710208786090248
DKS,3.198098171311911,-0.30861351572317225
DLB,0.9304549300231388,-1.0815237177554948
DLR,1.9063705552283268,-2.346589665827813
DLTR,1.5607105998147988,-2.3234685587194184
DLX,0.6132801548421266,-1.0542351292892573
DM,0.36900037052028695,-0.4051344578325068
DMTK,1.2955140256327389,-1.683602036117651
DNB,0.3104991503593741,-0.33242540063162795
DNLI,2.060607181022178,-2.2697167561265794
DNN,0.07033668220621583,-0.05132715622567854
DNOW,0.42455110670677315,-0.35755451413113326
DOC,0.23391784751212805,-0.1271865873554474
DOCU,10.074813218963588,-5.719487826049318
DOMO,1.7742611299964577,-3.398710688445309
DOOR,2.3381560325958723,-1.5049510834577422
DORM,1.7939350522637734,-0.9043247297750395
DOV,2.2267276273205088,-1.157504928712112
DOW,0.6232537117680452,-1.1557079564380288
DOX,0.5757790936402309,-0.8459290135303574
DOYU,0.0026233428036729657,-0.3127417550116788
DPZ,12.113851828294647,-0.10045932268560988
DQ,2.620584196389632,-3.343700716133578
DRD,0.1947578605279584,-0.35383089489818537
DRI,2.4818290815103956,-2.6897374920965453
DRQ,0.9377229276262905,-0.888905837776504
DSGX,1.2818951086064068,-0.8372655208013609
DSKE,0.4271632684177838,-0.16743732929357383
DSX,0.18863627782804884,-0.2294305753580294
DT,1.2227877901932653,-1.4831842166440525
DTE,0.7978342354041706,-1.0455511550355128
DTIL,0.6442068035868022,-0.32393805855519775
DUK,0.8754530044442557,-0.7187473031395604
DVA,2.927909056235915,-2.077477014618532
DVAX,0.8727940900463319,-0.4849879778308103
DVN,1.1144252913250248,-0.56992544812744
DX,0.12308641667067206,-0.23133120164040105
DXC,0.7949559968800208,-1.2539421885765911
DXCM,14.04037495071636,-5.885372030238724
DY,3.8467271221892774,-3.7459039044666103
DYN,0.3940712095040223,-0.5337923738282025
EA,2.7282517893452605,-2.7488630513970986
EAF,0.4815390716400334,-0.2277226750959301
EAT,1.6114160623928167,-1.3353137234404404
EBAY,1.863832138319552,-1.2408688348519814
EBF,0.20239514969053646,-0.21550190431811855
EBR,0.16898173971190994,-0.23623005344834708
EBS,1.1305165278817544,-4.293760386937665
EC,0.399915586626168,-0.30122942422744337
ECL,1.765537606015279,-2.1572002348205883
ECPG,1.4285530677712193,-0.01058597702106093
ED,0.009124554406073251,-0.5908515897275496
EDIT,3.108503730729372,-4.153627745678554
EDU,0.12832110670803976,-0.35552710197265913
EEFT,2.341134649734996,-3.0012444671816714
EFC,0.11876827993785705,-0.26903739502838053
EFSC,0.6091409810992999,-0.5556556613097503
EFX,3.242496077714917,-3.0046048203351434
EGBN,0.8288011194878461,-0.6186322968816798
EGHT,0.6726513848648271,-0.46395318520160206
EGO,0.284687072080126,-0.2600245522343594
EGP,2.095748862885811,-1.48489218338463
EGRX,1.1910439547942147,-0.8119625908280084
EGY,0.21450469431145675,-0.10525998509640935
EHC,0.824521372385348,-1.1953837321685132
EHTH,0.6985281281531789,-3.6250665202024956
EIGR,0.21415866867430372,-0.2390201479362793
EIX,0.7389946336782397,-0.008761104791110105
EL,3.9671623653709007,-4.144948152887824
ELAN,0.4960425436194825,-0.48370425317764054
ELF,0.5886725494479215,-0.37483650689867726
ELS,1.0535626935852755,-0.8649143029501569
EME,2.3881749856075087,-1.4080999813971355
EMN,1.108142052283215,-1.8781070021356248
EMR,0.6860607091646379,-1.225995215888183
ENB,0.3267774327825942,-0.4271111658996846
ENLC,0.2456950674466439,-0.1977943259721417
ENPH,11.034917816795723,-4.354926712412202
ENR,0.41491495714162047,-0.43118216309482676
ENS,1.4090305500966784,-1.6840756304953064
ENSG,1.4272069913346515,-0.9237571515668269
ENTA,2.380941031666354,-3.859898655053282
ENTG,2.2712805814146426,-1.8166279314216596
ENV,1.845956512822789,-0.6940767461325053
ENVA,1.4193623695342201,-0.9181789890993348
EOLS,0.34939245239492417,-0.3298430322233248
EOSE,1.116885995159112,-0.6100828124202187
EPAC,0.37257530492556257,-0.5196507984623661
EPAM,9.864500712330166,-14.713083766372522
EPC,0.729222185977126,-0.8538493413706523
EPM,0.18901028814868504,-0.13902739012626428
EPR,1.5112103698429333,-0.6410038284264216
EPRT,0.4151748345705189,-0.45682981531389977
EQC,0.1615331394884026,-0.20409292340201052
EQH,0.44612141145252515,-0.000985877782956542
EQIX,11.886219851825322,-11.968860515097758
EQNR,0.4311338084168476,-0.5735453805867854
EQR,0.7886818687543248,-0.5430084214577452
EQT,0.7398841709398936,-0.5964447793875634
ERIC,0.1263877306222864,-0.36774948532208895
ERII,0.6255720504709482,-0.5210407935586052
ES,1.0473308175757214,-1.053929782222566
ESI,0.7562767462159654,-0.3121389930556591
ESNT,0.6804292986944224,-0.6181860681720646
ESPR,0.9799930952793316,-0.011147232798803634
ESRT,0.1506186548540108,-0.22906517024409107
ESS,3.4593011314468423,-2.1982387097833405
ESTC,4.119507229176271,-3.0177614749223642
ETN,1.9736873419542964,-0.00038931943555354435
ETR,1.0249943270040542,-1.1769385840730198
ETRN,0.2055914042111664,-0.19145443143117052
ETSY,6.483509158967073,-3.754386034731534
EVBG,2.7219827719688743,-5.537509677904969
EVC,0.28165952811350037,-0.18124484027925497
EVER,0.6383344259598879,-0.7821047514558975
EVH,0.5132158938348687,-0.7127861916726262
EVRG,0.5911641558340034,-0.6442763034342398
EVRI,0.724907909428284,-0.5090297977484041
EVTC,0.3356939097661297,-0.48182387521721537
EW,0.019253290018762626,-1.8579118726132848
EWBC,1.769865380685979,-1.1537644530556581
EXEL,0.28640380275082944,-0.444722284841753
EXP,2.344710589196021,-2.990966465892016
EXPD,1.6084868595436006,-1.6531271977167958
EXPE,4.103030928509465,-2.507093550961669
EXPI,2.7611113163726713,-1.8601695551142075
EXPO,2.7852410742305462,-0.7792981420927507
EXR,2.5715632907907713,-2.1940539509419255
EXTR,0.33453447285416577,-0.29075311436855855
EYE,1.4973172544390165,-0.8630683633253522
EZPW,0.17475069098306545,-0.1205970186976559
F,0.49552081830191774,-0.2573365593796416
FAF,0.8865942173211534,-0.7713168042735964
FANG,2.7407069016644425,-3.235522656058974
FAST,0.6434309677635477,-0.5217734644249528
FATE,3.0474245405824854,-4.307798395045714
FBK,0.5895659085774632,-0.6730950451784382
FBNC,0.8208001637271527,-0.6329680952008847
FBP,0.24265003880422703,-0.16807038302193358
FCEL,0.47151432487146366,-0.3758401824952828
FCF,0.24139330571117257,-0.18150964332117284
FCFS,1.2303702031754224,-3.4137994998159176
FCN,1.7892120009940928,-1.0716903742181987
FCPT,0.26635483343142646,-0.3564392405011892
FCX,0.9148866406689018,-0.8770072646734188
FDMT,1.1813405134973889,-1.5629757315420505
FDP,0.38913508394314483,-1.031110362308841
FDS,5.342880761257116,-2.6138588603086177
FDUS,0.23561479276838643,-0.16741871311459527
FDX,0.1259782717127202,-5.944106677294877
FE,0.35991434914161896,-0.34822353396999073
FELE,1.221523258105765,-0.8139770305107072
FF,0.3096019875816449,-0.1358759165644094
FFBC,0.35766519122159374,-0.3221707969462755
FFIN,0.6665279512906388,-0.6214809135190832
FFIV,3.682729424514648,-1.5862823148139351
FFWM,0.44521420473952966,-0.44434728468527984
FHB,0.6498055366062296,-0.44818903662937337
FHI,0.3940710217387917,-0.47929303145861785
FHN,0.3185481476415053,-0.3284636986795109
FIBK,0.4763897823986718,-0.6849493966122948
FICO,5.699126987071575,-9.683727103607229
FINV,0.2764747621112694,-0.2539269000593885
FIS,1.5218063306824101,-4.646398729670772
FITB,0.950834376782536,-0.5719718556715822
FIVE,5.366540400289702,-6.870558572878144
FIVN,3.847294360155035,-6.003648683064145
FIX,1.7349673108739314,-1.2677384085521344
FIZZ,1.2685607808803145,-0.04306340953522184
FL,0.9825066455268483,-1.4995750746771912
FLEX,0.32057612624756665,-0.44884451570855055
FLGT,3.8975947743564427,-2.8066308054187266
FLL,0.49605648956436993,-0.33302858771819194
FLO,0.3976515252815651,-0.20966855844467341
FLR,0.8085345243001413,-0.43951898767662195
FLS,0.6176824987887003,-0.8875767313429634
FLT,3.4628814375811676,-6.290884242405153
FLWS,1.327231612157276,-0.8960353528800532
FMC,2.9933214264382095,-2.9155869618206953
FMX,1.2367824970903016,-1.4111463975493346
FN,4.25852458841618,-0.09872499651601152
FNB,0.21263873755659604,-0.21557668846852387
FND,2.8747690293578065,-2.462805745477385
FNF,0.6656173167395922,-0.6503622073124833
FNKO,0.5701122151726541,-0.5734408739105605
FORM,1.0822158941299065,-0.7173763553232688
FOSL,0.7933130968418569,-0.5929780613079103
FOUR,1.6094012589407245,-3.431544852977125
FOX,0.4670298051011742,-0.42980530955040774
FOXA,0.5515033213210356,-0.4663001426848228
FOXF,4.217530467643545,-2.6688124960568183
FPI,0.0003960704390213209,-0.2171175771464088
FREE,0.22897718522115365,-0.21873427064261688
FRO,0.22892027913888585,-0.1861182560088012
FROG,1.283221291699317,-1.4256253624162822
FRPT,3.2528338896092266,-3.3972671949214197
FRT,1.7949554887839088,-1.1003634356124057
FSK,0.1925526563750964,-0.23973202748591266
FSLR,2.830945951463773,-2.1061108680329044
FSLY,1.8341735472229423,-1.8683936894398043
FSM,0.1121521378203972,-0.2968150047207806
FSR,0.7612053629012505,-0.6538767898946538
FSS,0.7230936849021956,-0.67550300099828
FTAI,0.695956166765673,-0.6091313872499438
FTDR,0.564364116804258,-1.4410128677155074
FTNT,4.656600090245577,-3.9144664180009823
FTV,1.163360443397206,-0.7627118113501188
FUBO,0.028757233454955233,-1.8760923456744327
FUL,1.1431430717509123,-1.0373205391430387
FULT,0.2281542372996121,-0.26208244491825894
FUTU,4.5965628990542005,-7.914684246115866
FVRR,6.6934390445850775,-16.52882190462529
FWONA,0.7342714789498507,-0.3977842448833213
FWONK,0.9015957551958386,-0.0031923924999394024
FWRD,2.8969004348656915,-0.002901024049290985
GAIN,0.16716183051242597,-0.14864055369327242
GAN,0.4482244105875478,-0.7035020811505801
GATO,0.4083281675825708,-1.0922914299441298
GBCI,1.1212044889829915,-0.6519485502945093
GBIO,0.9806814855509474,-1.1237797876584827
GBX,0.6744112856279658,-1.0746790031940527
GCI,0.18595167605610802,-0.14464360573994556
GCMG,0.14663999863245328,-0.20691369216012928
GCO,1.7031709331698477,-1.7458528183795496
GD,1.449117405002158,-0.0037576717689680027
GDDY,1.2506617355570673,-1.3815841555624342
GDEN,1.7497048156380803,-1.1629014484427318
GDOT,1.0561907889644666,-0.9284705238739133
GDRX,1.3045330986587098,-1.2720995788627083
GDYN,1.8696751589497456,-0.6341998458975673
GE,2.024997207292056,-1.6400499619498095
GERN,0.08864843478120447,-0.03517682407541796
GES,0.5506741336095348,-0.683434786422257
GEVO,0.32090474372194855,-0.21475250758357017
GFF,0.3233585580008208,-0.6850812467999892
GFI,0.2655328439798468,-0.2935056479639936
GFL,0.5325853642489851,-0.5962563770917342
GGAL,0.34875220438601334,-0.39898542613764887
GGB,0.0030175064772269447,-0.16590057725311583
GGG,0.9631068347987226,-0.6970191560891466
GH,3.4738989122789112,-3.6828967216781967
GIII,0.5565245424204617,-0.7481635054778458
GIL,0.8512868720535656,-0.5648289986106965
GILD,0.6697341271471674,-0.6706815398638806
GILT,0.17334508444012225,-0.2227430893278863
GIS,0.39466609089683946,-0.5618114688165627
GKOS,2.343100824723418,-1.7293824534337394
GL,0.7691869248776068,-2.1411483504602864
GLAD,0.13056873567861713,-0.15215204855304004
GLDD,0.20716755114399762,-0.1711783829007072
GLNG,0.32005098090035955,-0.3275210761319598
GLPI,0.5592776184864411,-0.5585474325054355
GLT,0.33605773891644536,-0.18766938301397446
GLW,0.410161267930255,-0.614956351784884
GM,1.1610317252302378,-0.9281419859920669
GMDA,0.002255523744705326,-0.1803875258795269
GME,11.185895433909078,-14.191354765116637
GMED,1.0498982748290413,-0.019106035801461994
GMRE,0.22559623253642644,-0.01264286933804588
GNK,0.5010900627014498,-0.8125294078818713
GNL,0.1345286493532632,-0.3858270681014668
GNRC,10.891242156651057,-9.290530903834476
GNTX,0.5727222302849354,-0.4238407931915716
GO,0.5191611078593921,-1.1777679559038476
GOGL,0.3602918125236422,-0.4615289857861968
GOGO,1.1784741872833515,-0.6236711623411979
GOLD,0.3638239747146209,-0.5105759139716481
GOLF,1.0627767476653862,-0.7445532013296299
GOOD,0.21618312023129344,-0.1690322937622157
GOOG,34.861295722826966,-30.620029270182847
GOOGL,34.0968525111704,-28.724445888555724
GOOS,2.4091692486120264,-1.3791099939505191
GORO,0.06393495089923916,-0.06229549210767069
GOSS,0.44295017383429824,-0.2557872718900658
GPC,1.6812195980917122,-1.5039933945076525
GPK,0.38175705142761346,-0.1988310147962243
GPMT,0.24246984370127392,-0.1818746967062072
GPN,1.494519451264315,-3.533105957739106
GPRE,1.1898873958874732,-0.6188978151843466
GPRK,0.5568898881343236,-0.3118332113012548
GPRO,0.26812328694366516,-0.22457437545704384
GPS,0.40148384013344307,-0.8957635318583614
GRBK,0.8811737142132083,-0.42292855864837897
GRMN,1.5738445575085012,-2.3152632315153894
GRPN,0.8826071106241107,-1.0186156136022366
GRTS,0.569143929293741,-0.2807177706332262
GRWG,1.4371568206431822,-2.570980090987588
GS,5.966533901006138,-6.11736225006604
GSAT,0.1044372384475309,-0.1462703061002656
GSBD,0.11573452768133685,-0.1685082808083263
GSHD,4.7981189386898695,-3.7178664490141413
GSL,0.7758389894571434,-0.617165801788963
GSM,0.2617852988184135,-0.22893082763780975
GT,0.7811240522853922,-0.40827572825586805
GTE,0.05036132613975656,-0.022327766533686073
GTHX,0.533937337541156,-0.49531385605509587
GTLS,3.529244282367248,-2.7690615390928808
GTN,0.4874663652897728,-0.34705687925186707
GVA,1.1244185690246102,-0.6539603848563443
GWRE,1.75430193181288,-1.6503311869247934
GWW,8.638830481486917,-3.554368740539804
H,1.5781871509746865,-1.3685995825295643
HA,0.7490334702962003,-0.8042372111952789
HAE,0.06775016814961879,-3.048465045762206
HAFC,0.3954166853067266,-0.3243393823237485
HAIN,0.6519183279312963,-0.9573254716205643
HAL,0.41798708844551347,-0.6019315830700094
HALO,0.7253996301989515,-0.7706421570116097
HAS,0.9591517568169112,-1.3973441235522333
HASI,0.8795105131677046,-0.050346747284423204
HBAN,0.2421359786334053,-0.30435484045797856
HBI,0.29205424373072414,-0.36062297736555454
HCA,7.53852878965934,-2.3073414387088924
HCC,1.1237791439598541,-0.627422447139461
HCM,1.9157060944018949,-0.7748097484639824
HCSG,0.28142678512900077,-0.7807155477243702
HD,3.7712981837035415,-2.6184162378625904
HDB,0.813222110125554,-1.1499040831607175
HDSN,0.16391047543993748,-0.12323731724167801
HE,0.4372567097708272,-0.44661689581459985
HEAR,0.7537177363798057,-0.8843172252107239
HEES,1.1071352090243214,-0.6243423233703232
HEI,1.8467470505167742,-1.5768461690318
HELE,3.0588649697726527,-4.357760997451608
HES,1.9296355531454297,-2.0679371814591905
HESM,0.6506756496683563,-0.5645136112291423
HFWA,0.46658678904602663,-0.6138934872926815
HGV,0.9169745488531835,-0.7699301529503556
HI,0.6956240499878794,-0.674658549029309
HIBB,3.5064358919413725,-3.3438394942728102
HIG,0.6305688042511461,-0.8822807596476226
HII,0.11301524321577215,-2.5899543439790804
HIMX,0.5186746221851577,-0.38233174971155404
HIW,0.48655688070985964,-0.5439678564676436
HL,0.12339034757334968,-0.27115756617836506
HLI,3.4470237187433432,-0.682564785764783
HLIT,0.37024727796685675,-0.09817245693763546
HLNE,1.8865582703038735,-1.6870260632459124
HLT,2.185778281520336,-1.549677844985396
HLX,0.21959255029912092,-0.20400024713053327
HMN,0.36667213025477446,-0.47930456845668035
HMY,0.11678839114665993,-0.13598253654000378
HNI,0.5948445761271546,-0.5463305972464337
HNRG,0.2633900630614504,-0.1118438220753417
HOG,0.44656514176288276,-0.8162349585628248
HOLI,1.054553599841981,-1.1424925397686607
HOLX,1.0174150030311029,-0.9632736620294933
HOMB,0.42689477063460596,-0.3316160053798759
HON,2.1530819446161567,-2.3787305203318203
HONE,0.2010835789591551,-0.169080025024434
HOPE,0.2161325777776473,-0.17523615393439246
HP,0.9814541778165091,-1.8311091846887935
HPE,0.20052282209568717,-0.28828709664927893
HPP,0.421867209520246,-0.30903531976719634
HPQ,0.5594838900321218,-0.6223579543933868
HQY,1.2864752165974167,-1.48150557184868
HR,0.34778773780028316,-0.3181591499143019
HRB,0.39247429939270606,-0.3519578060179144
HRI,6.811361658695167,-2.772568662700779
HRL,0.2598055350627361,-0.5893043643336339
HRZN,0.20571791965810077,-0.2004550491325246
HSII,0.7340401966464466,-0.8293738139887223
HST,0.2630331433942744,-0.2902994105873861
HSY,1.7893687560531881,-1.3848404012888147
HTBK,0.14942527270658598,-0.12955222131357774
HTGC,0.11692798436238017,-0.12320227919037362
HTHT,0.9676575464094808,-1.8891177415008529
HTLD,0.15317488804200532,-0.22163610904226067
HUBB,1.8873933558472795,-2.4005219913143074
HUBG,1.0975458698659506,-0.8070828214472808
HUBS,16.748391615726668,-19.295197481664633
HUM,6.113935258748938,-7.858133697123248
HUN,0.7650275691373197,-0.408731777852989
HURN,0.6889086281870728,-0.6714001288577539
HUYA,0.013414697996434199,-0.4915510158954528
HVT,0.9060589824745213,-1.8312688219986353
HWC,0.9318309601986873,-0.7653317902762875
HWM,0.6541860250326449,-0.5692561606784216
HXL,1.3875376879933103,-1.2510563203799263
HYLN,0.4201175021107143,-0.0024970493204014275
HYMC,0.06379582976482942,-0.14268878797500473
HZO,1.298400331759665,-1.2586493472972955
IAC,2.604055648453699,-2.6770847093810537
IAG,0.07560867837401847,-0.10527544290486576
IART,1.110418622955418,-1.3698011574763742
IBIO,0.03897989307998826,-0.036301909420169885
IBKR,1.5149620516690452,-0.804591536844691
IBM,1.3398485154984,-1.7967836602831941
IBN,0.4732535708228302,-0.25012759844405325
IBOC,0.6974405139489006,-0.6862667045766193
IBP,0.04170986771022732,-0.09034352881839318
IBTX,1.4612123513099982,-1.17492624230125
ICE,2.487595936381987,-0.8407547152036479
ICHR,1.4788128983396647,-1.4498179885101448
ICL,0.15822440913395866,-0.10592890756302156
ICLR,5.665939674311533,-3.4625265403942374
ICUI,13.878068199283733,-2.7702135643225025
IDCC,1.9646167609852516,-1.0416077334003266
IDEX,0.0877881858621499,-0.0854050887677888
IDXX,6.912738382896106,-8.564835924931112
IDYA,0.6962237306026546,-0.9997249831379895
IEX,2.222042141541185,-1.719701402648033
IFF,2.1533996265045308,-2.6310183398525053
IGMS,4.00038674586355,-3.2548352634921054
IGT,0.8055540936393016,-0.8396902138693406
IHRT,0.4911105353018071,-1.104623603107965
IIPR,4.015817011378486,-4.54749203296925
ILMN,6.351981508645027,-10.4164363765353
ILPT,0.2773918167631725,-0.36452116739063023
IMAB,3.023521382987105,-3.788972174087543
IMAX,0.47492437208246574,-0.5461895301855952
IMKTA,1.2868878265180375,-0.9230749465777224
IMMR,0.17575084579801845,-0.2819354606851402
IMUX,0.24835225705526925,-0.3960689385088053
IMXI,0.25797897644183354,-0.26472284014486636
INDB,1.3854980412965552,-1.0943737127510054
INFN,0.2905393238884958,-0.18491805013428225
INGN,1.70632309607662,-2.3632041283918888
INGR,0.9894939231484903,-0.944661152895401
INMD,7.414792203158952,-21.533188308199023
INN,0.16250601028557274,-0.14770061552154098
INO,0.4157121496458978,-0.2479446814535499
INSG,0.29367654107433566,-0.21437341879436259
INSM,0.8158165762518506,-0.5399444154893933
INSP,7.364043909601477,-5.956537674390356
INSW,0.34654737135322966,-0.7245966979590359
INTC,0.462700996062956,-1.3593699129269805
INVH,0.3744669181164413,-0.4122324851304402
IONS,0.6394355740457268,-0.8516848839885005
IOVA,0.8581654659110172,-0.7753299535261512
IP,0.46813872258532474,-0.9103146008824718
IPG,0.6596032208035555,-0.4526694928277123
IPGP,4.148664187763492,-8.391329260638322
IPI,1.6896875279740098,-1.4203273298904784
IQ,0.008915099803737843,-0.5030464478767918
IQV,3.3640160975146602,-4.014551418908651
IR,0.05473211738194121,-0.5703501496229009
IRBT,3.060538383478277,-1.7003760458739166
IRDM,1.0932377645077733,-0.09616543831630313
IRM,0.5722008925539345,-0.638817568426931
IRTC,3.8678236898891227,-2.793847869893833
IRWD,0.24048212244003678,-0.004801409782274804
ITCI,0.06747152979973421,-0.8289480610736171
ITGR,1.9554140094371553,-1.3950613503106077
ITOS,0.7470847185243207,-0.5483681480738156
ITRI,1.4672764231623998,-5.536737383952847
ITT,1.8005880363617763,-1.3288511535787302
ITUB,0.15001416388124617,-0.19663163726088378
ITW,2.053849483161006,-2.1620540535766004
IVR,0.2157276094342962,-0.059782656915512086
IVZ,0.38020340444056366,-0.5647786608926372
JACK,1.623510139083033,-1.9495807481883354
JAMF,1.0962480250535513,-0.5558413478983113
JAZZ,2.298751371860522,-4.909438018840291
JBHT,4.70455085324947,-2.027486663103164
JBL,0.7786393459861068,-0.9113911339434141
JBLU,0.3465390149250967,-0.3647870885442205
JBT,3.2364587778790446,-2.6131317456320975
JCI,0.8258389598962503,-0.8560417553872599
JD,2.6539905659059224,-2.599451616026818
JEF,0.7276709897869726,-0.5930741565309814
JELD,0.37296864359421683,-0.004589295473259139
JHG,0.8537872081069575,-0.5243968720326224
JKHY,1.375602287133626,-2.03523144825782
JKS,4.04379117619821,-2.4943850974122737
JLL,4.495083453182663,-2.8248795688250903
JMIA,0.6904675560041378,-1.064087669467726
JNJ,1.0165878496249463,-1.5391826505699697
JNPR,0.503275652525735,-0.25335923001728344
JOE,1.013997408483953,-0.7993413271997015
JPM,2.3353117663172958,-2.1929005362454133
JRVR,1.1119792053649573,-1.520172553506266
JWN,0.7056917766850007,-1.5263758084091623
KALU,2.1820633793893927,-3.219789630159814
KALV,0.6886698002872318,-0.7692973474039937
KAMN,0.963534521636406,-0.8485014089893407
KAR,0.4132993843702772,-0.3692260552046597
KB,0.600221247967913,-0.7938702801655573
KBH,0.5555125030737583,-0.6061095432458911
KBR,0.5509051481360696,-0.4553596942222372
KC,1.162997486152015,-1.3056590842727733
KDP,0.32135927962962463,-0.407350213338468
KELYA,0.39929157327801484,-0.5782313488734605
KEP,0.10978887206988232,-0.22546673537586617
KEX,0.7838403381102432,-1.1077097004749827
KEY,0.3144731945795303,-0.2510504122054004
KEYS,2.1822153238623314,-1.3210547943211735
KFY,1.5092021683217494,-1.1711226563688082
KGC,0.16371956638792418,-0.27374254382642843
KHC,0.23487364872852526,-0.4399502021214022
KIM,0.29447198761394394,-0.2814408801523876
KKR,1.3887559584767117,-0.7713333497414308
KLAC,9.263506256601001,-6.378071392935406
KLIC,3.095483013249171,-1.8999201433818809
KMB,1.0969398374613932,-0.7732956581721597
KMI,0.20642416699513585,-0.27338315639371225
KMPR,1.3277722775891598,-1.1533804325603305
KMT,0.6311455052963664,-0.6338167801999027
KMX,3.132303504909343,-4.138092667872626
KN,0.2369257402051009,-0.2228837043827258
KNDI,0.1668524884758957,-0.11200716907556421
KNOP,0.192135714065796,-0.3613325435427849
KNSA,0.9800470727480234,-0.5218816272729631
KNSL,2.1761098529217158,-3.0308634330322555
KNX,1.5344150159344176,-0.6072796164906756
KO,0.45076934338814134,-0.3823243432469364
KOD,2.565673795372179,-2.982940541930306
KODK,0.11202041552628168,-0.17861085837364515
KOF,0.7203546718328728,-0.6374159806816954
KOPN,0.3429596365372596,-0.298225966360991
KOS,0.1839911741088563,-0.13687142771506747
KPTI,0.5795586045282827,-0.6417184950322917
KR,0.7549742799545986,-0.8578964282419929
KRC,1.0132902823521555,-0.9785666421445883
KRNT,4.539610371140908,-3.6449817019199617
KRNY,0.15777395355259258,-0.2005621928250412
KRO,0.2283989776963057,-0.22239392316327172
KSS,1.691980650234864,-1.7994957931881241
KT,0.19332797343319852,-0.191643503609189
KTB,0.9211556023657492,-1.0848149800442448
KTOS,0.5682877394075482,-0.7108026114560071
KURA,0.39419630461922,-0.43020566794918647
KW,0.29796701624719935,-0.20476681186934226
KYMR,1.7156633493522604,-1.9439629847793707
L,0.49583828212338754,-0.6547525585883458
LAD,7.124788840643697,-7.847991010236405
LADR,0.15113955586090175,-0.13185541570305612
LAMR,1.8159338655527613,-1.3785513878308717
LANC,0.7378259429662698,-2.5781494018512072
LAND,0.4843172461431723,-0.3188210563240993
LASR,1.0591257458303,-0.9115392478758638
LAUR,0.2297245941768798,-1.7393904292219384
LAZR,0.6637298230154527,-0.4623347224266551
LBAI,0.29879039073566044,-0.2566647231480369
LBRDK,2.140879594594515,-2.955715607897729
LBRT,0.6128112758203895,-0.4824329155263601
LBTYA,0.42894086448644775,-0.3958097812860871
LBTYK,0.4168172804709895,-0.3889959453909485
LC,2.070106869878483,-1.2892729365882092
LCII,2.188605776167536,-2.7180143652104727
LCTX,0.10524696480200976,-0.0649913947270129
LDOS,1.0029177786791343,-2.8331057049904134
LEA,2.4652612906578746,-4.514960751731927
LEG,0.402751902456301,-0.9240520005938756
LEGN,1.6265923711130819,-0.9987094050728244
LEN,1.2683443665583813,-1.4937871965497527
LESL,0.47179642362553986,-0.6068239973202915
LEVI,0.41326223951843055,-0.44701114896717975
LGND,5.593264223418413,-2.7453411650230253
LH,3.6652601189029186,-2.9079479056042845
LHX,2.8187372251021796,-3.0631755713598188
LI,0.9581482067720569,-1.0159296948493841
LII,4.3370469920654955,-7.174801799681251
LILA,0.22691798762440946,-0.23174004888667032
LILAK,0.2408672939188676,-0.2564546410595153
LIND,0.4546265313598211,-0.4859922600842054
LITE,1.7460594335672044,-0.9342034701124218
LIVN,2.8751427456608645,-1.6265034284448068
LKQ,0.6613011337537736,-0.5228319349311136
LL,0.4366993943729667,-0.4402867132686265
LLY,5.430631424428329,-4.337948420564205
LMND,3.547997970565484,-3.1594748377945754
LMT,2.943838812984841,-9.701297348488335
LNC,1.3380079742353392,-1.6557205216657584
LNG,2.1143505711228783,-0.017583295086026917
LNT,0.5141405581459652,-0.42563498774148967
LNTH,1.2722030148588357,-0.48150194409651337
LOB,4.255041486466091,-0.05249962628622018
LOCO,0.3021328891419413,-0.3261139837040563
LOGI,2.11177985149616,-2.850246566612854
LOPE,0.8035001041998464,-1.3848841371047125
LOW,3.0105572121847746,-1.3846599548292184
LPG,0.35281530584294934,-0.2965254750864038
LPL,0.23676005864758423,-0.18169881275632688
LPLA,3.1281972866145584,-1.9846478438211945
LPRO,1.1926972420749504,-1.2413109334645873
LPSN,1.3041208375128206,-1.8309538810211865
LPX,1.408200901793745,-1.5088740145676407
LQDA,0.22682664815466524,-0.05640550322605474
LQDT,0.7095722574178963,-0.5659770086932052
LRCX,10.784690628250015,-12.82492871608871
LRN,0.8413271196944636,-0.8040550083480852
LSCC,2.5862006353507803,-1.1142528091998096
LSPD,3.1926683459227254,-5.438752708622071
LSTR,2.4263828930960467,-1.9169365084497538
LTC,0.3525157951760225,-0.6745581392386891
LU,0.2692333218668399,-0.4825506139459449
LULU,8.216116379172984,-5.167010385864146
LUMN,0.4850964074910178,-0.22482147255901946
LUNG,1.050325611864897,-1.1200970422948209
LW,0.8783461346511168,-1.4175751942839396
LX,0.5009002313411722,-0.5657046838673299
LXP,0.2337692212789375,-0.11722025360568737
LXRX,0.19818062084576954,-0.147124995586784
LYB,1.4822200353980086,-2.0546919828400023
LYFT,0.8775568217572439,-1.2921370803469705
M,1.3462418700014143,-0.4957519074076384
MA,3.999833526505381,-7.67993995956372
MAC,0.5273500152980323,-0.40603582769804697
MAIN,0.4999193223338888,-0.29428133082974817
MAN,1.4800868497615007,-2.598196508793077
MANU,0.535010306388648,-0.6816761099404635
MAR,2.3918387070253266,-1.9475615432821312
MARA,2.3966769817927864,-4.490572766849615
MARK,0.5476252395044965,-0.06255974699451064
MAS,0.7013302907880002,-0.6220438270277311
MASI,3.8358050522597784,-3.4995043408251587
MAT,0.4246601193975132,-0.31636205691122266
MATW,0.7577889667148197,-0.7053476262409155
MATX,1.6550029073629624,-1.079073487001954
MAX,1.0556062578093606,-1.2401381053882061
MAXN,0.944770051927609,-0.8263877746372204
MBI,0.46840549365479917,-0.2699634865264618
MC,1.2521593345193682,-1.0465006690502936
MCD,2.1348436004635976,-1.9435869863589839
MCFT,0.006018025186447925,-0.8645862756862923
MCHP,2.615449346602042,-18.382421766627562
MCK,2.3952013341357867,-1.9190100944615747
MCRB,0.5603877769658305,-0.5501283612803816
MCS,0.4575555767030493,-0.46660986975978413
MCY,0.346407574499971,-0.7151120482751259
MD,0.8157444763214066,-0.5555460470470266
MDB,25.83959012861955,-15.774511592792337
MDC,0.69689495735669,-0.7360229148022428
MDGL,3.9937020954833917,-3.9101058041728054
MDRX,0.3642635921487599,-0.2475843478192686
MDT,1.1822428749654956,-0.047244043460042684
MDXG,0.3873154301546505,-2.340709331154849
MED,3.5232840435631925,-7.808379407639358
MEDP,2.6784622044216917,-3.199721025095914
MEG,1.6034133190483235,-1.1649454468679823
MELI,43.06740649989043,-28.051445298962232
MESA,0.23754636583429772,-0.22850340787200749
MET,0.8121919228368955,-0.7372338248641686
META,6.900570089712135,-5.102930040189214
MFA,0.096545203062665,-0.04158326640387565
MFG,0.02351358042205661,-0.040015883191447665
MGEE,0.599322145047577,-1.1469173735968152
MGM,0.9112465863491765,-0.8577404287328443
MGNI,1.1337073773630177,-1.258687912732577
MGNX,0.4763875465540239,-1.3587889107654563
MGY,0.47240690152548753,-0.46300418018005013
MHK,2.4268213186287326,-3.5207665476277277
MHO,1.6657734682042113,-1.09564763395324
MIDD,2.2700654537167773,-1.7431859583856075
MITK,0.6899031854048892,-0.4791467349596338
MITT,0.17639654168948893,-0.5753547920862252
MKC,0.6088849960121723,-0.7896731521211753
MKL,12.780998463440813,-10.19390207556518
MKSI,2.0569839947515485,-2.243671528927579
MKTX,3.405740837391716,-7.106774257616684
MLCO,0.3292844899115973,-0.7943107119045381
MLM,5.0496076633483735,-5.561630457689494
MMC,1.406287572233044,-0.03183251607004216
MMM,1.120860718354954,-1.9933812652787573
MMS,0.7412489192180212,-1.1847037812380994
MMSI,1.1505672496667547,-0.7482531130317331
MMYT,1.2426238530839133,-0.8488045471876114
MNKD,0.15772528801072822,-0.2701943989636103
MNRO,0.5479454451176018,-0.9106713358677505
MNSO,0.35037612618884345,-0.6673243889157335
MNST,1.394089423169239,-0.9153798371650159
MO,0.40443793760332547,-0.9108491558468239
MOD,0.36585535639312383,-0.5994429200920267
MODN,0.7887553862068837,-0.6869473666020595
MOH,4.301872886285723,-4.041738777980633
MOMO,0.40397353083239895,-0.36355501157263087
MORF,1.793593102269072,-1.9453884389055767
MOS,0.9153924523053659,-0.890083479232384
MOV,1.0920026212342469,-0.8559358659548467
MP,1.4960931309363457,-1.0954529608793044
MPC,0.9504612560435136,-1.307767696229897
MPLN,0.1856463845171259,-0.4417801003906919
MPW,0.2912999738781118,-0.3257512870669029
MPWR,9.676303338218506,-7.039949213770248
MRAM,1.255089823688393,-0.1333597424759383
MRC,0.19311590362742526,-0.00593624224217153
MRCY,0.6805269287987992,-2.533682683113549
MREO,0.08835647804273125,-0.0894858990405666
MRK,2.101071536511342,-1.534274980967321
MRNA,16.741615405057576,-17.73923505085054
MRNS,0.7268200829068858,-0.49255758780308784
MRO,0.0008288700549478133,-0.4147942096735998
MRSN,0.19341890312741566,-1.1257364094301845
MRTN,0.27787464389557265,-0.287327556665388
MRVI,2.057702206804985,-1.9790188447968489
MRVL,1.4170567394471092,-0.8813887330209642
MS,0.0388156754913805,-1.3831633980066131
MSCI,7.36375240588413,-10.503608292786307
MSFT,3.69601296549527,-3.2120537450485163
MSGS,2.485661004506776,-2.9972790723758287
MSI,1.994868924677822,-1.9662394043821232
MSM,0.5271965874346494,-0.9543680732454307
MSTR,30.76063012449675,-0.08167241924794208
MTA,0.1710906427664178,-0.1943697211812411
MTB,3.2892321575477816,-2.243495654759342
MTCH,4.2411893174417,-3.394827851242498
MTDR,1.0899311609285536,-1.2419120541201445
MTG,0.16157906755648138,-0.20109848295446692
MTH,3.2230404202173757,-1.676519741047655
MTN,8.485643891111412,-0.06797006218640692
MTSI,1.309096836557624,-0.944343517396708
MTW,0.6295992094341759,-0.045930169148452896
MTX,0.8329348897210729,-1.3202836316019304
MTZ,2.2316054558278515,-3.274441013197663
MUFG,0.07780890893598606,-0.08366870392468678
MUR,0.8036392991557815,-0.7942895183622442
MUSA,3.6050505234878467,-2.4755257991405415
MUX,0.03624072076580988,-0.03116364595314832
MVIS,0.6301743937947245,-0.7501478339633414
MWA,0.2262111098737825,-0.35815390724405133
MX,0.6005574759303148,-0.39324272620624107
MXL,2.7157616375496727,-0.741212444856321
MYE,0.2276270860552931,-0.351371902272105
MYGN,0.8610579272405682,-0.6298991136916475
MYRG,1.9106448391774835,-1.558782373376468
NAK,0.016072953913994673,-0.012770500367625965
NARI,1.8753188733815467,-3.720700437660256
NAT,0.09299814360219391,-0.07544131008099532
NAVI,0.247735798258901,-0.7327558767481951
NBIX,1.3940748783101278,-2.4649556991472195
NBR,2.392278066593824,-4.410309852790369
NBTB,0.5580922449924004,-0.4234488211555837
NCLH,0.6883751897158469,-0.9707518997054712
NCMI,0.1658263083830291,-0.20702018356017401
NCNO,2.9863535980681024,-2.072927430625442
NDAQ,1.8679943242455828,-1.1668170376912241
NDSN,3.373555766602177,-1.3208732410728494
NEE,0.7552521044283372,-0.7078105030288444
NEM,0.32080015886714486,-1.5676953043137414
NEO,1.003929111186875,-1.5688066485595238
NEOG,0.42742407813193484,-0.4002257721606384
NEP,0.9444234009565322,-0.717835633482071
NET,6.0115548789057,-4.446041645707136
NEWT,0.5838871483744741,-2.434334143420122
NEXT,0.6503308616992018,-0.1883776206641046
NFBK,0.20172211390868058,-0.15759525671004102
NFE,1.7667309928502881,-0.9725791022516823
NFG,0.7363070291300011,-0.5518448647544063
NG,0.13390376892164305,-0.2771117818228414
NGM,0.9186974224932143,-0.5603908423741624
NGVT,1.602251549474216,-0.0011992621742215638
NHI,0.731227876181274,-1.1487830074240233
NI,0.001508013638499576,-0.17569255188141947
NICE,6.6133749927671985,-5.71537639322316
NIO,1.544820587068985,-1.2841432356569995
NIU,0.7506049780355668,-1.223303145876884
NJR,0.3603901888636698,-0.49418296821744156
NKE,5.140812706126557,-2.3177540774628547
NKLA,0.9364578834876108,-0.6489344293568016
NKTR,0.4406770528515188,-0.6598867824086075
NKTX,1.3663766471608025,-1.0512956306534555
NLY,0.06137340941262955,-0.09602759390960029
NMFC,0.12783119614403654,-0.1135198149906946
NMIH,0.3082873491149647,-0.6156961453480129
NMR,0.08319211182996741,-0.08509245431551656
NMRK,0.25056914878077197,-0.19236066639083657
NNDM,0.21763939365707913,-0.2523129287863992
NNN,0.48656277148800636,-0.45738877437342446
NNOX,0.8734743874476768,-1.1155823629211794
NOC,5.597035391377274,-10.191566776812488
NOG,0.6838775803668358,-0.7745308299995258
NOV,0.3144888144208399,-0.3703836783997324
NOW,9.15495991290808,-10.540043969378715
NR,0.11144254101182925,-0.15853040073523733
NRG,0.7757163109531067,-1.024577017109796
NRIX,1.3867677568097942,-1.02081283323711
NSA,0.9810612930711542,-0.6007539739510939
NSC,3.698071423625735,-2.2137796541497377
NSP,0.01322296499293787,-1.4742508516578474
NSTG,1.2061768224580118,-1.5465257817282392
NTAP,1.4543096331341583,-0.9761885776458821
NTB,0.02305298902895007,-0.9293541909749756
NTCT,1.3071644507564224,-0.36970473938467957
NTES,2.926677611116335,-5.758439001035326
NTGR,0.5467426354515676,-0.935462235888077
NTLA,3.6463771352572443,-4.172989368919587
NTNX,1.5728954199482708,-0.7727580451141192
NTRA,3.0541680171125125,-3.2669161220518554
NTRS,1.489336985849711,-1.5097846365282013
NTST,0.001611118547457819,-0.2514398256631557
NUE,3.959817149704809,-3.272947376252717
NUS,0.7553278956071658,-1.4986864117600625
NVCR,4.157371024084176,-9.55944879294567
NVDA,7.250593109238516,-4.058357362735919
NVR,51.52561499440124,-54.78696870640272
NVST,0.8503580432956157,-0.6847325625629604
NVT,0.5675364365313489,-0.4333324207056505
NVTA,0.7015714651650344,-1.2995893758838957
NWBI,0.1580778907633802,-0.13627003426428286
NWE,0.4805488629875464,-0.7667474231573259
NWL,0.3698442080722681,-0.5032366289171418
NWN,0.3680451888460102,-0.5221165896589602
NWS,0.5238200054573875,-0.3777467974498571
NWSA,0.4651679720790388,-0.4104968394808314
NX,0.2881941119657409,-0.36912253129338374
NXE,0.2727015889982522,-0.2579105399054558
NXPI,4.220596171241077,-4.0426153289945095
NYCB,0.22267982011878942,-0.3452718616342355
NYMT,0.06849305652163554,-0.06434246331819678
NYT,0.8405629930493279,-0.8183054290487253
O,0.7942903873677197,-0.7520933312999691
OC,1.06551122374215,-1.3978535398562755
OCGN,1.1073839132954293,-0.5493310581157714
OCSL,0.08928817130265362,-0.04731430697938438
OCUL,0.4417125113723776,-1.0746306836266641
ODFL,4.4245660007912315,-2.825328494188445
ODP,1.293329285709471,-1.0978627202690572
OEC,0.26692163253316686,-0.34800442154851624
OFG,0.47819227141977094,-0.4281738959378447
OGE,0.2927440628390483,-0.3090644004172999
OGI,0.0893990449275435,-0.08520688044307229
OGS,0.7778105626429886,-0.9675213525073106
OI,0.2338471030082116,-0.38282770859306886
OII,0.7501749887127249,-0.5857283474198576
OKE,0.9879647199063386,-1.163508021604072
OKTA,6.6970141775175716,-10.068370476595298
OLED,3.986408013097025,-5.653259205254299
OLLI,0.7227832623786912,-2.393391715064664
OLN,1.60649764199518,-0.8917287168725344
OMC,0.7670038421863556,-1.1469331558809297
OMCL,0.08539927537620981,-1.777377484669864
OMER,0.2464312179567304,-0.5048277686302137
OMF,0.8915824148521618,-1.1536478804814674
OMI,1.3471608799065473,-1.693615619522887
ON,1.8236820194652203,-0.02118712273189069
ONB,0.2698323114943503,-0.21275356204242282
ONTO,1.8520067458040297,-0.042633512968789054
OPCH,0.7395652372865906,-0.40021284656470646
OPI,0.43409317492606486,-0.39628338782356787
OPK,0.14379014878950086,-0.08292962709021318
OPRX,2.4376358560065934,-2.7463781482281435
OR,0.19773402544116697,-0.26527805882833755
ORA,1.2118351459520564,-0.6425701457928191
ORC,0.05547399173113118,-0.05670557323568791
ORCL,1.4037139993556695,-1.3671913321394837
ORGO,0.35942234722182737,-0.6919886857924394
ORLY,7.533690519623724,-7.944955931716782
ORMP,1.1541698643054379,-0.7463718880014487
OSBC,0.2574803347968004,-0.19154611046683231
OSK,1.4168734429817222,-2.521527079255016
OSPN,0.3714667210167263,-1.4613946271942804
OSW,0.31307165401005776,-0.3226059782298626
OTEX,0.04319083326349575,-0.5994732806006778
OTIS,0.7192637348418475,-1.5340677401732616
OTTR,0.874206187832131,-0.36802643490604686
OXLC,0.12057853113273309,-0.07424872279601982
OXM,2.5793235851681193,-2.7009645411021537
OXSQ,0.032939912823670404,-0.09876864013663603
OXY,0.8924152776414622,-0.7840459055768504
OZK,0.6383648964892653,-0.7216659026463819
PAAS,0.3977332172160197,-0.6275294692523067
PACB,1.1172145293244438,-1.179833382706539
PACK,1.0977213157509929,-0.5676160001577896
PAG,2.5699934594473537,-3.01027020328983
PAGP,0.26521885624837616,-0.25729040688136845
PAGS,1.3541230368357948,-3.320053428431555
PAM,0.4308422512388407,-0.3986654825502775
PANW,18.774699753587498,-5.865164493284843
PAR,1.6153303975869222,-2.707889692639197
PARR,0.010652201526325714,-0.4810538444288257
PATK,1.3092387152601472,-1.8511623091958662
PAYC,0.2616209789122713,-7.522316136522339
PAYX,1.268624808459404,-0.6274374586934958
PB,0.9591153694005671,-0.9590291158539519
PBH,1.3451682153969124,-0.7151254389862312
PBI,0.2116430362992487,-0.17389602678316546
PBR,0.34720746175557066,-0.2500722604370739
PBYI,0.26369111260735517,-0.46862715202941035
PCAR,0.7975413822072367,-1.0292283523078323
PCG,0.16046793497291148,-0.18282597810533996
PCH,0.9387779247533276,-0.9102247340422562
PCRX,1.083450354453558,-2.0903564802901755
PCTY,9.115308824813571,-5.572858865744902
PCVX,0.014046762898235617,-0.877163438118132
PD,1.253910323411659,-1.2458827353028619
PDCO,0.49118371867257277,-1.028729719683033
PDD,4.509939261446934,-3.5425252143228443
PDFS,0.38097524167443775,-0.17807236385482264
PDSB,0.9439786188359442,-0.5599521943954503
PEAK,0.004341827851379617,-0.3358662007235921
PEG,0.540132198537223,-0.4531681639972435
PEGA,2.437595366832931,-2.6147745789987646
PEN,6.533136020057853,-5.096032786256427
PENN,2.9728235195123576,-3.0275226075166883
PEP,1.3100295004953282,-0.7006286664205541
PERI,1.5803278572397925,-0.8160976638729492
PETQ,0.01651364025728014,-1.4570236269636119
PETS,0.8518608409968896,-0.5127000670381131
PFC,0.5154140630967646,-0.44757332743976347
PFE,0.9499637560524817,-0.016694606848248965
PFG,0.8175972794591049,-0.9673257443645253
PFGC,0.8859701428366472,-1.0332425814950823
PFLT,0.12349336330525267,-0.1310828065293897
PFS,0.35733827320639,-0.3527589057760897
PFSI,0.82629343108271,-1.0479076382673036
PG,0.011582805675318298,-1.0569643253155627
PGEN,0.14088722672895698,-0.1818042940933727
PGNY,1.49116062584927,-1.574897296059846
PGRE,0.1251238263556751,-0.1818644914511412
PGTI,0.007685788713067276,-0.42498819554343903
PH,5.832408141564223,-4.117966139907159
PHM,0.6346109616675971,-1.1531675337705123
PHUN,1.8898665987916974,-0.09693806926410141
PI,3.3037171323557564,-1.31631723231046
PII,0.10889860715234091,-2.5959166216621563
PINC,0.45166678111494957,-0.43255742171235095
PINS,2.133719330271466,-2.617496930778376
PJT,0.9198359377312085,-1.6862867089559617
PK,0.40430783210646815,-0.4073672316293571
PKG,1.417165438931535,-2.305241080684654
PKX,0.08108743272281269,-1.275885885992534
PLAB,0.2617333962354623,-0.23518730250522493
PLAY,1.0167920762081752,-1.0125553850093474
PLCE,3.5604009064752242,-2.635479803454639
PLD,1.8501636584689412,-1.0216111356373414
PLMR,1.7162227183607919,-1.4977351656703786
PLNT,1.8432843806472383,-1.2953126290924328
PLTR,0.5993400923099037,-0.7712056468727828
PLUG,1.461984071963276,-0.03146554364104115
PLYA,0.2579768065871845,-0.001531951658017447
PLYM,0.4640391297834436,-0.1122029476820872
PM,0.7488215161009236,-0.9161587961565549
PMT,0.23565381892297185,-0.23623669803654418
PMVP,0.6491208102695867,-0.7712405271525908
PNC,2.8096693233231065,-2.275847051561829
PNFP,1.4136173218528765,-1.0174335377230361
PNNT,0.10321498648724144,-0.08067150768844414
PNR,1.1840389491373882,-0.028531092071774088
PNTG,1.092982013669697,-0.002793029458909655
PNW,0.5281618849036295,-1.4946975451654727
PODD,4.479472652623248,-5.216662263061992
POOL,11.461217928634534,-4.625658864825997
POR,0.03758320798552943,-0.4568544842256522
POST,2.0396285888557757,-1.1306958289454565
POWI,3.608548715523471,-1.1867517626092097
PPBI,0.8026954836207785,-0.7128553900865351
PPC,1.2537733828997826,-0.28775385601432707
PPG,1.469257566576837,-2.8416184543229486
PPL,0.18388000813363586,-0.21786598081780603
PRAA,0.7125672691365165,-0.4338337229694992
PRDO,0.12629799455658028,-0.1682057284386274
PRFT,5.887100783018919,-1.895621316684031
PRG,1.3165894790992527,-1.1083237048046384
PRGO,0.94453275750187,-1.6808295862850313
PRGS,1.7011292329026966,-0.4390673034242777
PRI,2.0552079061617374,-3.326035311022116
PRIM,0.4132228457320243,-0.6112297758815813
PRLB,1.7189088640270818,-3.4568539393414945
PRO,1.1972596044524928,-0.15660596006917843
PRPL,0.43470461170173463,-1.3685451774003992
PRTA,3.0726984927437093,-1.70491327962197
PRTS,0.5980138674952773,-0.42179178124535405
PRU,1.3203632949988129,-1.5992407921912355
PSA,4.85859410219451,-2.79112385725461
PSEC,0.11206718051168116,-0.11780520227926342
PSMT,0.944250842455326,-0.005505338979493032
PSN,0.3760621012434114,-0.43515072754853085
PSNL,0.005560436217853642,-0.030862543227111884
PSTG,0.9439445035647266,-0.33217385606253363
PSTX,0.3223890111170766,-0.28490788504538855
PSX,1.7562726955784123,-2.200416874379866
PTC,2.4338409582364893,-3.1337877413520254
PTCT,0.8682158280291074,-0.7932257578179739
PTEN,0.3927080662541791,-0.3051640971502585
PTGX,1.1555791763492944,-0.7049386842926628
PTON,3.7059759513503514,-9.187596629121497
PTVE,0.3101998040447984,-0.40906147316043995
PUBM,1.7023562118816158,-1.1666815615533639
PUMP,0.2604795923055404,-0.3772097601552644
PVH,3.066454535638237,-2.3657791667951322
PWR,3.165189272285135,-1.3358655024468855
PXD,3.9744841586004527,-4.2833234334497625
PYPL,0.1218539046238305,-6.188484932896081
PZZA,2.8561877057864318,-1.1847054373357444
QCOM,4.456261703342021,-2.032619795145357
QD,0.10402397007427158,-0.0702276671296859
QDEL,4.3730641078767825,-0.00024094594678985073
QFIN,1.3358613756454143,-1.735038126301259
QGEN,0.011329158823739388,-0.8965901429204944
QLYS,3.314099887320311,-2.2688161844800754
QNST,0.3813127503522071,-0.478854366901718
QRTEA,0.20519899778215892,-0.43124731863846355
QRVO,3.3820911044214808,-3.921906287094962
QS,1.620915385342724,-1.1034693718298085
QTRX,2.4913032187373045,-2.0254315561956213
QTWO,2.1807419216976474,-2.8821401115137326
QUAD,0.2863363207073493,-0.11110499250099512
R,1.540831555000763,-1.3284330708533427
RACE,4.699239528129173,-2.361829620219465
RAPT,4.770033927108955,-1.0931669944064608
RARE,2.236000065410418,-2.659278803273239
RBBN,0.12899502360887366,-0.19885769780963128
RC,0.17248495757534832,-0.21839891215943583
RCKT,1.2200242335170768,-2.096874193598779
RCL,2.3452453527811787,-2.822443860125017
RCM,0.87970080636201,-0.4602312212567682
RCUS,2.3691184382569124,-0.6740283446903201
RDFN,1.350988864959137,-1.974081151291848
RDN,0.2965430581893269,-0.46948707046067367
RDNT,0.9382637143140061,-0.9770548080433482
RDWR,0.42646391970071873,-0.6789191723992667
RDY,0.9730478416022257,-2.245190132009959
REAL,0.6845090065775468,-0.7310004429407323
REG,0.8969849965860638,-0.5905686764577974
REGN,13.826363962586285,-13.52488612913696
REI,0.1315014578955323,-0.14924598530221805
REPL,0.8913574194400402,-1.2925044822830989
RES,0.24630937202272157,-0.2289638423758872
REVG,0.4074957325604937,-0.7526556491882757
REXR,1.000801741968046,-0.562238812185409
REYN,0.3573536214514804,-0.2600152357423181
REZI,0.5555654212712896,-0.6206336123668382
RF,0.4584699598450127,-0.4610250971965981
RGA,2.399182199899452,-2.3143811275022115
RGEN,6.431498533973791,-6.590668963679795
RGLD,1.1090645817075673,-2.7370342631330526
RGNX,2.825941804211901,-0.9282131727637942
RGP,0.5682064002052465,-0.23889669120803678
RGR,1.0233182577137265,-1.3589526982272493
RH,12.490361572238257,-12.154156457993183
RHI,1.7194344840472677,-0.641679240654132
RIG,0.16459243545015145,-0.21341456225623892
RILY,2.334524522781502,-1.3351972841287076
RIOT,1.922068466329447,-1.5324371032169575
RJF,1.4975875135176129,-1.1054356837373351
RKT,0.5856575965934695,-0.42557329432367047
RL,3.3821155563770082,-2.2031446549877507
RLGT,0.31046134271275044,-0.07457827032953082
RLI,1.1000643932842773,-0.8204040232356976
RLJ,0.26171704894354,-0.2704784901256786
RMAX,0.30270861699025486,-0.451889927143444
RMBS,0.5689791703984545,-0.001858662397057833
RMD,0.1359964931579007,-4.778947399871807
RMNI,0.27964991928069105,-0.7700240682517837
RNA,0.939500141844368,-0.8382690622043851
RNG,9.83256220828425,-9.589796164789146
RNR,0.08038672275291507,-1.8111279317333924
RNST,0.7283340496502732,-0.6058846290013287
ROAD,1.222257514013989,-0.6753008644247465
ROCK,1.5403923585739692,-1.937800137128145
ROK,5.6243440490858925,-3.619147274118114
ROKU,14.34925448071015,-9.155542585139646
ROL,0.40119754109763217,-0.9419825031019898
ROP,4.463849959707798,-2.85075798317037
ROST,1.1967243728872643,-1.8904934908274384
RPAY,0.40111771014132425,-0.502554318413158
RPD,2.853389373501746,-1.7036585631011207
RPM,1.2427975963238107,-0.8643384441724754
RPRX,1.1403834950951595,-0.445866856271648
RRC,0.6757577951052498,-0.43077103730439226
RRGB,0.00972978477510869,-1.232042867549349
RRR,1.2421741061924865,-1.410697598164373
RS,3.299287132040849,-3.682232478006286
RSG,1.099943006766414,-0.7654256126151766
RTX,0.8325622494687422,-0.988425251711452
RUN,1.6632044833323887,-1.6574519741688287
RVLV,1.8516972879975537,-2.211961890817682
RVMD,0.9077902556213759,-0.9281396459908956
RVNC,0.5941135853574988,-2.504130092186842
RWT,0.15539056002124935,-0.00773800614406972
RXT,0.46078068317332777,-0.7909225729815754
RYAM,0.0016166278182951764,-0.21603822955842555
RYN,0.03722215754513876,-0.4398810239492196
RYTM,0.45338561585856807,-1.0994478003397141
SA,0.4058497838260889,-0.370059864563797
SACH,0.1422103420720349,-0.07223438558658038
SAGE,1.3616863142370748,-1.4009267707943338
SAH,1.346075943983538,-0.9534669244560502
SAIA,10.27706058973931,-4.5932287383879755
SAM,11.190601301498663,-19.90727570474163
SAND,0.14615417561009858,-0.24357592799462957
SANM,0.49510555896190817,-0.5648653145794884
SAP,2.308976258829203,-1.8896818312214787
SASR,0.7395706162413458,-0.5849315722467292
SATS,0.7798781586175398,-0.5800788582630247
SAVE,0.5139824035696885,-0.754568647467155
SB,0.22320248896089087,-0.14170751985057167
SBAC,4.2174292154188455,-4.965556911600222
SBCF,0.6785330264620019,-0.6434030746072069
SBGI,0.9847952273359373,-0.6616036223394092
SBH,0.6706615127873305,-0.7277377346536648
SBLK,0.5238653247274033,-0.897565052259031
SBRA,0.011555117098920046,-0.2833293915634844
SBS,0.1360226378194114,-0.17335531170257623
SBSI,0.6860084660908325,-0.5143038900648025
SBSW,0.35267846364223954,-0.4697866447755961
SBUX,1.7653993154184389,-1.830466801812415
SCCO,1.5615248523188878,-1.5136783331843762
SCHL,1.2944098023721706,-0.7293542443081401
SCHW,1.5720058417212504,-0.9655498162640471
SCI,1.1783382463370202,-0.521993667268091
SCS,0.22394021187863114,-0.18431073136236845
SCVL,0.9844451690004357,-0.7745189867321411
SDGR,1.4763198261574821,-1.8009328165587006
SE,6.519303090590294,-8.55657289618567
SEAS,1.500596391669165,-1.083304817850048
SEDG,9.734541653736922,-6.312995278861316
SEE,0.7503770289285462,-0.606579728987241
SEER,1.5170598553588501,-1.5319844408221113
SEM,0.6199230269974757,-0.7215022432610007
SENS,0.28328655570003025,-0.12076407216818683
SF,1.034961716151289,-0.8469221252929409
SFIX,1.4044690063593255,-1.9468119538951638
SFL,0.25345339828029917,-0.13970466828529146
SFM,0.5597791435796208,-0.47806528071199395
SFNC,0.5031629188259767,-0.4848023823880833
SGH,2.0229003519934325,-1.3623829049429226
SGMO,0.6022105338952136,-0.26849221988212546
SGRY,1.8329616708605514,-1.6150871302600696
SHAK,2.840033053934772,-2.593864983505109
SHC,0.49329607004087445,-0.9155742969454653
SHEN,2.580436997245326,-0.48423479966325567
SHO,0.14159397438731464,-0.15493051422041076
SHOO,1.0898907886238238,-0.6821327904429302
SHOP,43.76307217257015,-23.518903921683187
SHW,3.6186844797737563,-2.7742035316820965
SIBN,0.500115669300918,-0.9775885617111572
SID,0.16653584682702696,-0.27681532276096893
SIG,3.0199228588202907,-2.431603323601881
SIGI,0.7546017960518666,-0.8743932817389094
SILK,1.4369750363212812,-2.043638436639403
SILV,0.0010756769774616934,-0.21174315944533612
SIMO,3.318446233138553,-1.1368244835984607
SIRI,0.1432527136564207,-0.08216001608367245
SITC,0.22361348084126323,-0.18707568411144412
SITE,3.8643786337160764,-2.0408580582413456
SITM,7.100176228281221,-8.174109974558672
SIX,0.8268065940477235,-1.08250151206695
SJM,1.5649109155982317,-1.6492759296829542
SJW,0.6676854763939586,-0.6806050657030787
SKM,0.46133338862244433,-0.409474464265653
SKX,1.365292367600782,-0.8712078897609425
SKY,1.917821814555713,-0.7547390302351682
SKYW,1.4630549388821614,-1.0474101813401009
SLAB,8.340081830813016,-3.176579063166674
SLG,1.0389290338055823,-1.17894285463252
SLGN,0.4905624920614221,-0.35942073295289434
SLM,0.22938882934938049,-0.30876879258102813
SLQT,0.39653293854993865,-0.7023352610622993
SLRC,0.145847437709494,-0.16093026207015382
SM,1.1976382577918454,-0.9908561331489906
SMAR,1.5947776317194395,-1.8788360514895746
SMCI,2.350386202813792,-0.5576776133388395
SMFG,0.06823008065644262,-0.10509771740026205
SMG,2.7401679569143282,-3.732027784027454
SMPL,1.0636303755041387,-0.3011338959248864
SMTC,2.2323891181963553,-1.0870470265054863
SNA,2.075865250760218,-5.482702562367281
SNAP,1.6853174617091509,-5.0953646815447176
SNBR,1.9353437491785557,-2.972718399112284
SNDL,0.04710569773187432,-0.029962508052984747
SNDR,0.2907499283460077,-0.36609809512683406
SNDX,0.3373875881382464,-0.4444017300257773
SNOW,7.063552054193659,-12.095284806194917
SNPS,5.70822277042562,-4.456828860502048
SNV,1.034152023329921,-0.9627185297036553
SNX,1.3937049936102728,-2.379331421403457
SO,0.36647147088067916,-0.4942438352747077
SOI,0.13360441038573773,-0.2500201668640675
SOLO,0.12718283791335933,-0.09781130594434687
SON,0.4447258591747274,-1.0073060095186768
SONO,1.3378426053303387,-0.7357702733627506
SPB,2.083858367042874,-1.0916122802242947
SPCE,1.456909013322869,-1.6115302800219804
SPG,4.413358022026576,-2.1310121862519655
SPGI,5.458893112469059,-5.223341699374838
SPLK,3.460220031534121,-2.805148772091723
SPOT,7.774502411242459,-6.524741446424457
SPR,1.0876121238660819,-1.21199980446819
SPRO,0.5663036423947394,-0.3330015375457635
SPSC,3.4541642907653847,-1.8832412542559316
SPT,3.4016343359168326,-2.7910542219965384
SPTN,0.3917953329691174,-0.23916335916458414
SPWH,0.06358157259113793,-0.1267023687154963
SPWR,0.8780143966247665,-1.1646731987393202
SPXC,1.4332094743045345,-0.03402796276871263
SQ,5.5293958826506735,-5.7069647068924
SQM,2.1877020048094744,-0.01952474383862062
SR,0.6386549118873093,-1.005305422667365
SRCL,0.5285210915872777,-1.542876315728002
SRE,1.3578052064064499,-1.3073092657778052
SRG,0.6460497884676792,-0.36759319643235455
SRRK,1.4957330040205827,-1.7612150950013825
SSB,1.8648347287768345,-1.5846232269707887
SSD,2.0727012028492657,-2.1341259494218945
SSL,0.41086388911161237,-0.5416622476470093
SSNC,0.9614764917086553,-0.6566166931133386
SSP,0.4504839618070613,-0.3150561845772001
SSTK,2.775955318359769,-2.798143988202134
SSYS,1.019008273825119,-0.915945208197791
ST,0.8796122121657876,-0.6068630618670823
STAG,0.4995321870295067,-0.008607756786113507
STC,1.044387740222599,-0.738633113506346
STE,2.626755784844923,-2.641412796465217
STKL,0.11550635998952319,-0.25699233460470794
STLD,1.9138404290400288,-1.6143324025172563
STM,0.9228164305140396,-0.6077801650366788
STNE,1.1855224494973065,-2.60554521751579
STNG,0.5647228040716497,-0.6225013480278493
STOK,0.6885436631902535,-0.8797471517974441
STRA,1.2665139939825152,-1.5294729702752203
STRL,0.7603700247121534,-0.45215608229852966
STRO,0.4763741008318514,-0.668139034582219
STWD,0.266577403222182,-0.26090983518113
STZ,2.2264649366904514,-2.9342885966205166
SUI,0.029465731478805858,-1.8414107276985834
SUM,0.02346683408567473,-0.6372646153017998
SUPN,0.8253999962871021,-0.5438645432680189
SUZ,0.28998689840302694,-0.39414203125870595
SVC,0.4213545450892425,-0.24983128362740747
SWAV,5.892578279495725,-5.363508411345828
SWBI,1.3297033195657328,-0.992245151855877
SWI,0.32778059580478514,-0.2909261737112552
SWK,2.4974019876320606,-0.1894045970697386
SWKS,3.353278943558626,-1.9915769738025697
SWN,0.246771465092925,-0.15049124813268072
SWTX,0.06677301506163318,-3.088851823284569
SWX,0.977210333400388,-0.8069405360919525
SXC,0.26978140221316615,-0.17506216546916223
SXT,1.2382704513504712,-1.1235527141468404
SYF,0.7221151124156189,-0.737671473638372
SYK,2.7386954020277763,-0.46917477067570446
SYNA,4.9184608819768005,-2.0855953730588164
T,0.1058418783781353,-0.4107589882942291
TAK,0.12774395001057542,-0.46731475021474306
TAL,0.35480280028590017,-0.6422493576230087
TALO,0.5504478574894226,-0.6275732635501539
TBI,0.6811956396019376,-0.8121823679241885
TBLT,0.0493688653484737,-0.01721822942178143
TBPH,0.3577078194046029,-1.2054835958792152
TCBI,1.1700082832190166,-1.7166858708504396
TCMD,0.9578730541621343,-1.8395297151071204
TCOM,0.7868233084306264,-0.9064698393377715
TCPC,0.09518898730845053,-0.1805112272043488
TCS,0.60550710619936,-0.3081845535485609
TD,0.6465199895449822,-0.8054959018421324
TDC,1.064806042309611,-1.3825557192914366
TDG,10.174314883526026,-9.331105809688625
TDOC,2.766900110154739,-6.135018163200604
TDS,0.25077622690307555,-0.45507875972431283
TDY,3.8497079986875162,-4.703490299726408
TEAM,13.988665737010418,-4.926760687252811
TECH,5.8180965208437465,-9.644002285315382
TECK,0.5848065543452462,-0.6523778468529267
TEL,2.057240575353787,-0.08103597433049911
TELL,0.3610933600589171,-0.1606218988086939
TENB,1.0665156992574527,-0.7659906616365024
TER,4.706321256262105,-0.18059874911165527
TEVA,0.2601664712894374,-0.29062853652860443
TEX,0.8936934281775402,-1.448920363935225
TFC,1.1699591712834234,-1.0023082884196701
TFII,2.3010019392598586,-2.3200340163912023
TFSL,0.17005547011567038,-0.24640585092656536
TFX,3.5847690458989394,-9.630476333228668
TG,0.1365893959282795,-0.3080825656601391
TGB,0.057085906708610766,-0.09011054082444067
TGH,1.2709139972560866,-0.027064486392877674
TGI,0.7604615011172184,-0.6177244551306049
TGNA,0.6361891724187346,-0.2979779155008325
TGT,4.387620337814289,-3.1707304617525955
TGTX,0.9399564011247923,-1.7126125416027427
THC,1.7298158807778106,-1.2705452440431866
THG,0.8214430404498388,-1.8161494341322586
THO,3.9547850756500527,-3.5869178115838034
THR,0.44489267226927953,-0.2533160340650363
THRM,2.8363656426116894,-3.2676420797208485
THS,0.8074841605116452,-1.346985636802181
TIGR,0.7589952983641881,-1.5159011060887924
TILE,0.3769842660615691,-0.29144401750079835
TIMB,0.30467067759320143,-0.19910774572828918
TITN,1.5459136401554479,-0.4774257045036047
TJX,1.0965025000945419,-1.090069436688851
TK,0.11184485552775021,-0.09337736158934487
TKR,0.8850174637709057,-1.3059937426166301
TLK,0.4236389919196669,-0.018918954343011423
TLRY,0.7053188859110429,-0.5610862040925587
TLYS,0.40289843275943904,-0.3052472005549551
TME,0.2566665374504415,-0.5105168385877368
TMHC,0.7172901057326271,-0.002146960253191079
TMST,0.7779352797344382,-0.5095885566821208
TMUS,1.61513706307973,-1.7071307868342185
TNDM,3.854007362852389,-2.0348444268466177
TNET,1.893435053454572,-1.0644028076711325
TNK,0.28163761331505544,-0.38247567889360845
TNP,0.17395277815533935,-0.32880196734222206
TOL,1.0206844089661116,-0.9423362026936888
TOWN,0.4899148400672155,-0.356860494394679
TPC,0.2429579318919996,-0.004577166346302603
TPH,0.5712146848033215,-0.37170516095961414
TPIC,0.9667274861618524,-1.569581843335996
TPR,1.058384688566089,-0.8287053227252297
TPVG,0.28450716604309906,-0.24363911637057303
TPX,0.8303045763525431,-0.6875185620894412
TR,0.44134722255578673,-0.45736203247235996
TREX,4.647344474265777,-2.98096871224537
TRIP,0.6647182038558379,-0.04686588847441925
TRMB,0.9889459649023897,-1.1318599964973626
TRMK,0.5130250141698907,-0.5370724974077066
TRN,0.3868616077433208,-0.7728334155459521
TRNO,0.8889033823881014,-0.5684544407232159
TROW,0.1253718661642968,-2.6226321046386776
TROX,0.5322924102451905,-0.623695133791968
TRUE,0.12473132974861663,-0.11283249683166971
TRUP,5.47759114125754,-3.1263111651404403
TRV,1.346311643703324,-2.0209824246737136
TRVG,0.09887088798155251,-0.09069654524151248
TSCO,2.4234624989481865,-2.558680753463103
TSE,1.3466583405564116,-1.4914159815842571
TSEM,0.0990906217390284,-0.6028108827231624
TSLA,24.676080976171782,-26.056608978379604
TSLX,0.23076475797353538,-0.2131990229120075
TSM,1.6758734646291007,-1.6904763400941316
TSN,0.8994576382897732,-0.8927189789908231
TT,1.7428917049510892,-0.050484949479597085
TTC,0.8048199830363059,-1.3622470617754667
TTD,3.376056488479857,-0.015832576877188247
TTEC,2.0668264558812806,-2.6894381619810632
TTEK,2.2866466559997614,-1.3242357572958199
TTGT,1.9908457728354494,-1.2966222445769024
TTI,0.11288213613398287,-0.14926242484029076
TTMI,0.1327473596327516,-0.21482435755927448
TTOO,0.04109581119421765,-0.031233462387979125
TTWO,2.2943447437388595,-3.1704649087353642
TU,0.1351454445370482,-0.17074306943369005
TUP,0.8180581214911022,-1.0699163967574656
TV,0.3053564749691825,-0.25585090082991646
TW,1.20950095822967,-0.557836727548481
TWI,0.23475706127015608,-0.24707360880242626
TWLO,8.229612432890308,-16.809378444772616
TWO,0.08645522700422612,-0.15176533484018703
TWOU,0.7346720820849375,-0.0569377309396505
TWST,3.4683292727920034,-4.141020017689472
TX,1.2306229060599536,-1.7949927552397185
TXG,0.0012350816023169453,-6.701645623972817
TXN,1.9859789450452794,-2.800896888970393
TXRH,1.4218382845651827,-1.331189932448742
TXT,0.010357160601049097,-0.8871552639514038
TYL,6.433928664286834,-3.9905647547171696
U,6.941082755927435,-4.226766643831281
UA,0.7103819964949583,-0.4600718479493001
UAA,0.8337465096161392,-0.5226228510614355
UAL,1.2994006004044931,-1.2768077166680918
UBER,1.3698623416405726,-0.7435640436375458
UBS,0.2122506024090841,-0.3201293880335172
UBSI,0.5535389823965982,-0.5304907147788585
UCBI,0.6195058811642803,-0.4339869770021101
UCTT,1.6202227156357372,-1.5634667335056127
UDR,0.546635067605307,-0.3714765521004648
UE,0.29185525325221384,-0.2092667150558544
UEC,0.22736533509028373,-0.18343892150388377
UFPI,1.7716396881977956,-0.947025890699185
UGI,0.3538480439011141,-0.4531131275718835
UGP,0.07573526787692847,-0.09720670357128361
UHS,1.3985534898933831,-2.1006848800174187
UIS,0.5447502824938054,-0.6658757881652945
ULTA,5.70578743125058,-9.17629784526047
UMBF,1.9171636928240567,-1.2662850951659128
UMC,0.3003676419786371,-0.1895293826995039
UMH,0.29898345945842414,-0.24907872574680617
UNFI,1.2191836529960014,-1.2343033685695248
UNH,5.543298652243284,-3.7886731810230847
UNIT,0.33635616148973946,-0.14191899571290975
UNM,0.5631513939118198,-0.56613448103246
UNP,2.2959458429228605,-2.237403834356381
UPS,4.6969559994227845,-2.5169514316937507
UPWK,1.8341644926231448,-2.567349165074179
URBN,0.8503315352493322,-0.8735572140809997
URI,6.74571757587715,-5.292507700590908
USB,0.8263613078059736,-0.9263904944273615
USFD,0.5298235746842064,-0.6486893685828639
USM,0.3409247108418369,-1.0752808476400053
UTHR,6.2721432509378,-3.166592589215627
UTZ,0.3703920886180681,-0.6613808052483525
UUUU,0.4213594279528848,-0.2578063089509573
UVE,0.30448331970780557,-0.142852248021673
UVV,0.5362309741955233,-0.6569251222742944
V,2.222545393600938,-4.7235115616444645
VAC,2.348246349631037,-2.4055806421263406
VALE,0.4007450465892975,-0.5915343638421308
VBIV,0.11601419453524334,-0.13202151977885504
VBTX,0.8393818027922899,-0.6410743508031823
VC,2.4795609240245686,-2.6725495039944303
VCEL,1.483446193541785,-3.03257198766712
VCYT,1.6564867344900847,-1.3483628748888927
VECO,0.7961205017475941,-0.4734538449348184
VEEV,6.12221960755095,-6.026424274911166
VERI,1.180372705647078,-0.6573311307476299
VET,0.34352463154380536,-0.27864884536098916
VFC,1.091511397180832,-1.1979877170038462
VFF,0.3189257290722082,-0.27149548728499956
VGR,0.3902659793989976,-0.5395772603169431
VIAV,0.2512216703006239,-0.16149343089612625
VICI,0.3392025288471094,-0.36366431496523804
VICR,2.579051673664775,-2.1464143688473376
VIPS,0.027032672682665414,-0.7854302676198872
VIR,1.2875158966800266,-1.3977681481237108
VIRT,0.6660010184458,-0.5122427915968297
VITL,0.5549607154093269,-0.45064787377175713
VIV,0.18997070258546594,-0.11558025134217456
VKTX,0.17947742841683442,-0.21300459513302478
VLO,1.385580622145596,-1.8588621487838348
VLRS,0.6241617313971195,-0.002629258394481135
VLY,0.33658372795842884,-0.1903769138595781
VMC,0.014798722527422967,-2.126818335613442
VNDA,0.6840092457062444,-0.3729354358401137
VNET,0.767254602798823,-0.944556501323981
VNO,0.6561618017423678,-0.623703274438087
VNOM,0.37690652217574305,-0.4176315722098288
VNT,0.0009546732648185252,-0.6051446319521053
VOD,0.12453982786839417,-0.2892777863245279
VOYA,0.7436485640149205,-0.9991298478137791
VRA,0.27217495243655954,-0.3991780415891143
VREX,0.6012246997208253,-0.46919913842228483
VRM,0.4693397819802237,-1.8549217845808972
VRNS,1.866434192056881,-1.6218764212435464
VRNT,0.4226698887622061,-0.3616487900526233
VRRM,0.26463829597035754,-0.229875575005766
VRSK,2.442108451181755,-1.1274346400116895
VRSN,2.6739374424370945,-2.4336144362797834
VRTX,2.259802070354938,-4.48288707233996
VSAT,1.3886957690706936,-2.1183112643973194
VSH,0.2621184417528542,-0.2610739850189788
VST,0.4817248589943354,-0.23330473086416664
VSTO,1.323173933195125,-1.1190560647519707
VTGN,0.15984884010503747,-0.08980973760868391
VTR,0.5492932160151127,-0.7418695512935789
VTRS,0.2552051165379086,-0.2634045184187935
VUZI,0.5913990065188838,-0.5326507560139867
VVI,1.082185391964079,-1.2368202512161433
VVV,0.8038588178536903,-0.35693634340127656
VXRT,0.3109269945427481,-0.2685774946013487
VYGR,0.460770871839443,-0.14011075406692258
VZ,0.34454922610867195,-0.28442745571538425
W,9.916000192358787,-7.337052047709333
WAB,1.1407695038491517,-0.9512944222590367
WAFD,0.4696821982596334,-0.38658957193674487
WAL,2.0206852900923247,-1.723606826435733
WAT,0.15695605359673595,-6.556481731621387
WB,1.7166590439254417,-1.8305655345848604
WBA,0.7300045936336772,-1.0277732579742973
WBS,1.3585812123221277,-0.9802634125702089
WCC,2.040075325098525,-1.4460402687454248
WD,2.377363718385104,-1.2321596265712078
WDAY,7.0618433909475,-5.638341599611055
WDC,1.1174640052472473,-1.575726169478442
WEC,0.7790015764886326,-0.8006555521766183
WELL,0.869089341755127,-0.7593006762134967
WEN,0.9321179121315134,-0.2925347728513279
WERN,0.6017026773083293,-0.5214832620134021
WEX,3.027225631480401,-9.1224999688721
WGO,1.7571418337305804,-1.372302219787341
WH,1.3632230197181505,-0.7814954191731858
WHD,1.200028378372581,-0.002363673495283769
WHR,3.430020971993983,-3.2480167936282967
WING,3.1393584185243877,-4.069287138619918
WIRE,4.294394352823447,-1.3992177055121016
WIT,0.20504724776854483,-0.1508236126251061
WIX,4.724220110155228,-15.71934606136826
WK,3.323629085335587,-4.330462347503671
WKHS,0.47375438067516606,-0.7199690040283176
WLK,1.872488933218451,-2.0267319878472643
WM,1.361130417444251,-1.1991686863474
WMB,0.3873259684138426,-0.33353885210104567
WMG,0.8621104609619474,-1.0349523511753094
WMS,2.025033393273705,-2.5434190255546327
WMT,1.3913862470634146,-1.449278182922272
WNC,0.41352177233492365,-0.43810217075697616
WNS,0.9990211674522468,-0.4733694530821574
WOR,0.7852444105455352,-1.422340724980993
WOW,0.7828001615489006,-0.5036089847990113
WPC,0.6470760454017457,-0.6143321234592019
WPM,0.5050073693915069,-0.867270837648014
WRB,0.8750111614513185,-0.5759219742033105
WRK,0.6752145100244538,-0.9313528746628755
WSBC,0.5549528768519194,-0.5893268651252255
WSC,0.7163827811801806,-0.3201970644201254
WSO,3.2727827526237094,-2.5754617427367164
WSR,0.14825719137665777,-0.13362753596873103
WST,6.503259932166394,-6.289291223509824
WTFC,1.3101139975175644,-1.1326754127951315
WTI,0.15664982042687603,-0.17123622709888292
WTRG,0.39596299254565,-0.44136502961101864
WTTR,0.24725719545589028,-0.23487176160763262
WU,0.178101981339471,-0.3308099813301424
WVE,0.14571281745487072,-0.24388106030424542
WW,0.5215253742317414,-1.7699720670534291
WWD,1.4280377952959675,-2.6750580579920102
WWW,0.8569769282557915,-0.7845447037634463
WY,0.4475986963066515,-0.493641201660014
WYNN,2.3262346418009225,-4.216311961594998
X,0.635105556955344,-0.9148939510266858
XAIR,0.9006138523895424,-0.49463215224633605
XEL,0.558694320354572,-0.6893555336110381
XELA,0.25753562770807925,-0.16555697637895256
XENE,0.803306256585401,-0.8148482177020041
XERS,0.1995228638139092,-0.16127240010574753
XNCR,0.6802205656602477,-0.6044470200942981
XOM,1.0097833429723733,-1.189064136295309
XP,1.296707534074791,-1.1081016585019445
XPEL,3.113227631264925,-2.568632596486493
XPEV,0.035031877883406184,-0.9329337059869071
XPO,1.4984472207420658,-13.56033221857583
XRAY,0.5467732969244982,-1.0438503732109434
XRX,0.3020163228542873,-0.6709065146060531
XYL,0.18900729972545074,-2.599628989264878
YELP,0.783071709305142,-0.5949726608536869
YETI,1.9634872209443937,-2.1147753048626416
YEXT,0.39074436675577784,-0.30204852784093733
YPF,0.17993645284813464,-0.13383532319631838
YSG,0.35693470031038654,-0.30391742213077805
YUM,1.625443545843214,-0.815442881900499
YUMC,0.8099899695730467,-1.3961329654333614
YY,2.8632540295089646,-2.5200956943502284
ZBH,1.694511881295415,-3.367011026865321
ZBRA,12.010967112477866,-7.851179673303004
ZI,2.4132135486882813,-1.8930356750629056
ZION,1.2746914392305064,-0.9843732039338947
ZM,6.838432817081275,-12.40190482904345
ZNTL,2.191251991328396,-1.6573749102221342
ZOM,0.04584238100269421,-0.02687566982996394
ZS,6.3966756163216,-5.237400024312086
ZUO,0.5993880496735289,-0.6177005296929654
ZYME,1.163745988055948,-1.0221128524245418
ZYXI,0.48322529303923334,-0.6950211392972395
