tickers,probability
A,0.47058823529411764
AA,0.5384615384615384
AAL,0.6666666666666666
AAN,0.25
AAON,0.5333333333333333
AAP,0.5454545454545454
AAPL,0.6666666666666666
ABBV,0.4666666666666667
ABCB,0.4166666666666667
ABCL,0.5625
ABEV,0.4
ABG,0.42857142857142855
ABM,0.6428571428571429
ABNB,0.4666666666666667
ABR,0.5555555555555556
ABT,0.36363636363636365
ABUS,0.5625
ACA,0.6666666666666666
ACB,0.42857142857142855
ACCD,0.55
ACCO,0.5333333333333333
ACEL,0.4117647058823529
ACGL,0.5384615384615384
ACHC,0.4666666666666667
ACI,0.46153846153846156
ACIW,0.6666666666666666
ACLS,0.4375
ACM,0.6
ACMR,0.55
ACN,0.4444444444444444
ACRE,0.5714285714285714
ACRS,0.4
ACTG,0.3
ADBE,0.5
ADCT,0.5384615384615384
ADI,0.38095238095238093
ADMA,0.75
ADNT,0.1875
ADSK,0.35294117647058826
ADT,0.5
ADTN,0.6666666666666666
ADV,0.5
AEHR,0.3076923076923077
AEIS,0.3157894736842105
AEL,0.3684210526315789
AEP,0.5
AER,0.36363636363636365
AES,0.42105263157894735
AFG,0.4117647058823529
AFL,0.6
AFMD,0.6666666666666666
AG,0.5833333333333334
AGCO,0.5
AGEN,0.5384615384615384
AGNC,0.5555555555555556
AGO,0.29411764705882354
AGRO,0.4666666666666667
AGYS,0.5
AHCO,0.6153846153846154
AHH,0.23076923076923078
AHT,0.7142857142857143
AI,0.5454545454545454
AIG,0.47058823529411764
AIN,0.3333333333333333
AIR,0.4117647058823529
AIT,0.5294117647058824
AIV,0.625
AIZ,0.75
AJG,0.5333333333333333
AKAM,0.6875
AKTS,0.35714285714285715
AL,0.6363636363636364
ALB,0.9
ALC,0.38095238095238093
ALDX,0.3333333333333333
ALE,0.35294117647058826
ALEC,0.3333333333333333
ALEX,0.36363636363636365
ALGM,0.8888888888888888
ALGN,0.6470588235294118
ALGT,0.6923076923076923
ALK,0.47368421052631576
ALKS,0.21052631578947367
ALL,0.5
ALLE,0.35714285714285715
ALLK,0.2777777777777778
ALLO,0.4
ALLY,0.5
ALRM,0.3125
ALSN,0.5333333333333333
ALT,0.6363636363636364
ALTR,0.4
ALV,0.7142857142857143
ALVR,0.5
AM,0.4117647058823529
AMBA,0.4166666666666667
AMBC,0.23529411764705882
AMC,0.8666666666666667
AMCR,0.4
AMCX,0.2631578947368421
AMD,0.35294117647058826
AME,0.2777777777777778
AMED,0.375
AMGN,0.6666666666666666
AMH,0.42857142857142855
AMKR,0.3684210526315789
AMN,0.4666666666666667
AMP,0.6153846153846154
AMPH,0.5
AMPY,0.7777777777777778
AMRC,0.3333333333333333
AMRN,0.3684210526315789
AMRX,0.4
AMSC,0.3333333333333333
AMT,0.3125
AMTX,0.6153846153846154
AMWL,0.21052631578947367
AMX,0.6111111111111112
AMZN,0.6
AN,0.4090909090909091
ANAB,0.5714285714285714
ANDE,0.47619047619047616
ANET,0.5882352941176471
ANF,0.45454545454545453
ANGI,0.7857142857142857
ANGO,0.375
ANSS,0.5
AON,0.6923076923076923
AOS,0.5625
APA,0.8
APAM,0.4117647058823529
APD,0.2777777777777778
APG,0.375
APH,0.4444444444444444
API,0.4090909090909091
APLE,0.4666666666666667
APOG,0.5454545454545454
APPF,0.18181818181818182
APPN,0.6153846153846154
APPS,0.4375
APTV,0.5294117647058824
AQN,0.5454545454545454
AR,0.5
ARAY,0.6923076923076923
ARCB,0.4166666666666667
ARCC,0.7142857142857143
ARCH,0.47058823529411764
ARCO,0.6153846153846154
ARCT,0.75
ARE,0.5714285714285714
AREC,0.4666666666666667
ARES,0.17647058823529413
ARI,0.35714285714285715
ARLO,0.30434782608695654
ARMK,0.5294117647058824
AROC,0.3333333333333333
ARQT,0.6428571428571429
ARR,0.5384615384615384
ARRY,0.5384615384615384
ARVN,0.75
ARW,0.5
ARWR,0.42105263157894735
ASAN,0.29411764705882354
ASB,0.3888888888888889
ASGN,0.5333333333333333
ASIX,0.875
ASO,0.6
ASPN,0.6666666666666666
ASRT,0.4
ASTE,0.38461538461538464
ATEC,0.4
ATEN,0.6363636363636364
ATGE,0.42105263157894735
ATHA,0.2857142857142857
ATHM,0.2222222222222222
ATI,0.6666666666666666
ATKR,0.4666666666666667
ATO,0.4117647058823529
ATOM,0.1
ATOS,0.4
ATR,0.3333333333333333
ATRA,0.6428571428571429
ATRC,0.7142857142857143
ATSG,0.2631578947368421
ATUS,0.8181818181818182
AU,0.6666666666666666
AUPH,0.15789473684210525
AVA,0.5217391304347826
AVAV,0.5333333333333333
AVB,0.38095238095238093
AVD,0.4
AVGO,0.5
AVIR,0.375
AVNT,0.6363636363636364
AVT,0.42857142857142855
AVTR,0.5
AVY,0.6666666666666666
AWI,0.2777777777777778
AWK,0.5625
AWR,0.47058823529411764
AX,0.5
AXNX,0.5714285714285714
AXP,0.5
AXS,0.5714285714285714
AXSM,0.7272727272727273
AXTA,0.5384615384615384
AXTI,0.5714285714285714
AY,0.4375
AYI,0.47058823529411764
AZEK,0.3888888888888889
AZO,0.6
AZPN,0.2222222222222222
AZUL,0.75
AZZ,0.5294117647058824
B,0.7692307692307693
BA,0.5
BABA,0.47058823529411764
BAC,0.5
BAH,0.8
BAK,0.5555555555555556
BALY,0.42105263157894735
BAND,0.5714285714285714
BANR,0.4444444444444444
BAP,0.4375
BAX,0.3157894736842105
BB,0.5789473684210527
BBAR,0.2222222222222222
BBIO,0.35294117647058826
BBW,0.5
BBY,0.5
BC,0.47368421052631576
BCAT,0.6666666666666666
BCC,0.5882352941176471
BCO,0.375
BCRX,0.3
BCSF,0.3333333333333333
BDC,0.6923076923076923
BDN,0.8
BDX,0.375
BE,0.5882352941176471
BEAM,0.8
BEEM,0.3333333333333333
BEKE,0.5789473684210527
BEN,0.5714285714285714
BEP,0.8888888888888888
BERY,0.375
BFAM,0.3157894736842105
BG,0.5555555555555556
BGFV,0.391304347826087
BGS,0.2
BHE,0.8461538461538461
BHF,0.5833333333333334
BHLB,0.47058823529411764
BHP,0.2777777777777778
BIDU,0.4375
BIG,0.5625
BIGC,0.4166666666666667
BILI,0.6
BILL,0.4444444444444444
BJ,0.42857142857142855
BJRI,0.8181818181818182
BK,0.4666666666666667
BKCC,0.5
BKD,0.5625
BKE,0.375
BKH,0.35714285714285715
BKNG,0.4666666666666667
BKR,0.35714285714285715
BKU,0.38095238095238093
BL,0.75
BLBD,0.5294117647058824
BLD,0.5625
BLDP,0.4
BLDR,0.7
BLK,0.13333333333333333
BLKB,0.5555555555555556
BLMN,0.42857142857142855
BLNK,0.5714285714285714
BMA,0.3684210526315789
BMRN,1.0
BMY,0.5833333333333334
BNED,0.5625
BNGO,0.38461538461538464
BNL,0.6923076923076923
BNTX,0.4
BOH,0.3076923076923077
BOKF,0.6
BOOT,0.6
BOX,0.4375
BPMC,0.375
BPOP,0.42857142857142855
BRBR,0.35714285714285715
BRC,0.5
BRFS,0.5
BRKL,0.35
BRKR,0.4
BRO,0.5333333333333333
BRP,0.47058823529411764
BRY,0.5882352941176471
BSAC,0.21739130434782608
BSBR,0.47058823529411764
BSIG,0.5294117647058824
BSX,0.42857142857142855
BSY,0.29411764705882354
BTAI,0.7
BTG,0.42857142857142855
BTU,0.6363636363636364
BUD,0.5
BURL,0.18181818181818182
BUSE,0.6923076923076923
BV,0.8
BVN,0.4444444444444444
BW,0.4666666666666667
BWA,0.5789473684210527
BWXT,0.25
BXC,0.5263157894736842
BXP,0.09523809523809523
BYD,0.5333333333333333
BYND,0.5454545454545454
BZH,0.6363636363636364
CACI,0.6
CADE,0.6363636363636364
CAG,0.5333333333333333
CAH,0.29411764705882354
CAKE,0.4375
CAL,0.5454545454545454
CALM,0.6111111111111112
CALX,0.6
CAN,0.47058823529411764
CAR,0.45
CARG,0.34615384615384615
CARR,0.46153846153846156
CARS,0.3684210526315789
CASH,0.2857142857142857
CASY,0.5625
CAT,0.3
CATY,0.5625
CB,0.375
CBD,0.4
CBOE,0.36363636363636365
CBRE,0.5833333333333334
CBRL,0.47058823529411764
CBSH,0.3076923076923077
CBT,0.5714285714285714
CBU,0.7692307692307693
CC,0.3157894736842105
CCEP,0.4
CCI,0.8333333333333334
CCK,0.42105263157894735
CCL,0.3181818181818182
CCO,0.5
CCOI,0.625
CCRN,0.4666666666666667
CCS,0.6428571428571429
CCU,0.6153846153846154
CDE,0.5
CDLX,0.5
CDMO,0.375
CDNA,0.6153846153846154
CDNS,0.6
CDW,0.5714285714285714
CDXS,0.29411764705882354
CDZI,0.26666666666666666
CE,0.42105263157894735
CEIX,0.2
CELH,0.6363636363636364
CENTA,0.47058823529411764
CENX,0.5714285714285714
CERE,0.3125
CERS,0.5294117647058824
CERT,0.4642857142857143
CEVA,0.3333333333333333
CF,0.5454545454545454
CFFN,0.3333333333333333
CFR,0.4
CG,0.2631578947368421
CGBD,0.7272727272727273
CGNX,0.46153846153846156
CHD,0.6428571428571429
CHDN,0.5714285714285714
CHEF,0.4666666666666667
CHGG,0.5625
CHH,0.3157894736842105
CHKP,0.4117647058823529
CHMI,0.3888888888888889
CHRS,0.25
CHRW,0.4375
CHT,0.6666666666666666
CHTR,0.2
CHWY,0.23809523809523808
CHX,0.23809523809523808
CI,0.6363636363636364
CIEN,0.6363636363636364
CIG,0.5454545454545454
CIM,0.5
CINF,0.4117647058823529
CL,0.3684210526315789
CLB,0.4666666666666667
CLDT,0.6
CLDX,0.4
CLF,0.6470588235294118
CLFD,0.3125
CLH,0.6
CLNE,0.6666666666666666
CLSK,0.5333333333333333
CLW,0.5555555555555556
CLX,0.5
CMA,0.5
CMC,0.35
CMCSA,0.45454545454545453
CMG,0.4117647058823529
CMI,0.375
CMP,0.25
CMPR,0.5
CMPS,0.4666666666666667
CMRE,0.375
CMRX,0.3333333333333333
CMS,0.6666666666666666
CMTL,0.45
CNA,0.5454545454545454
CNC,0.35
CNDT,0.6153846153846154
CNK,0.4666666666666667
CNMD,0.4166666666666667
CNNE,0.7272727272727273
CNO,0.6666666666666666
CNOB,0.4666666666666667
CNS,0.625
CNSL,0.5333333333333333
CNXC,0.6363636363636364
COF,0.25
COGT,0.4375
COHU,0.6428571428571429
COLB,0.5454545454545454
COLD,0.5454545454545454
COLL,0.4444444444444444
COLM,0.2857142857142857
COO,0.2631578947368421
COOP,0.35294117647058826
COP,0.4444444444444444
CORT,0.5714285714285714
COST,0.4666666666666667
COTY,0.6666666666666666
CPF,0.4444444444444444
CPRI,0.5333333333333333
CPRT,0.5
CPS,0.38461538461538464
CPT,0.45454545454545453
CRC,0.42857142857142855
CRDF,0.5294117647058824
CRI,0.6111111111111112
CRK,0.3
CRL,0.5
CRM,0.35714285714285715
CRMD,0.5
CRNC,0.5333333333333333
CRNX,0.42857142857142855
CROX,0.5789473684210527
CRS,0.2857142857142857
CRSR,0.4166666666666667
CRTO,0.6875
CRUS,0.375
CRWD,0.36363636363636365
CSCO,0.6363636363636364
CSGP,0.46153846153846156
CSGS,0.4
CSIQ,0.5333333333333333
CSL,0.5
CSTL,0.4375
CSTM,0.6470588235294118
CSWC,0.5625
CSX,0.7058823529411765
CTAS,0.375
CTLT,0.42857142857142855
CTRE,0.4666666666666667
CTRM,0.3125
CTSH,0.3157894736842105
CTVA,0.35294117647058826
CTXR,0.3125
CUBE,0.6363636363636364
CUBI,0.4
CUTR,0.23809523809523808
CUZ,0.47058823529411764
CVAC,0.4666666666666667
CVBF,0.2777777777777778
CVGW,0.5555555555555556
CVI,0.3888888888888889
CVLT,0.625
CVM,0.45454545454545453
CVNA,0.875
CVS,0.5833333333333334
CVX,0.47058823529411764
CW,0.8181818181818182
CWH,0.35294117647058826
CWK,0.29411764705882354
CWST,0.46153846153846156
CWT,0.625
CX,0.25
CXW,0.4375
CYBR,0.35
CYH,0.4
CYRX,0.4375
CZR,0.8
D,0.3076923076923077
DAC,0.3
DADA,0.4166666666666667
DAL,0.35
DAN,0.3125
DAR,0.5833333333333334
DASH,0.3125
DAVA,0.42857142857142855
DBI,0.21428571428571427
DBX,0.4166666666666667
DCI,0.5
DCOM,0.42857142857142855
DCPH,0.5833333333333334
DD,0.47058823529411764
DDD,0.46153846153846156
DDOG,0.25
DE,0.47368421052631576
DEA,0.8333333333333334
DECK,0.38095238095238093
DEI,0.4375
DELL,0.2777777777777778
DENN,0.4666666666666667
DESP,0.5555555555555556
DG,0.21052631578947367
DGII,0.4666666666666667
DGX,0.625
DHI,0.4666666666666667
DHR,0.23529411764705882
DHT,0.6153846153846154
DIN,0.3125
DIS,0.5333333333333333
DK,0.4666666666666667
DKNG,0.4
DKS,0.29411764705882354
DLB,0.5833333333333334
DLR,0.42105263157894735
DLTR,0.38461538461538464
DLX,0.5
DM,0.4117647058823529
DMTK,0.625
DNB,0.7692307692307693
DNLI,0.5714285714285714
DNN,0.6875
DNOW,0.4117647058823529
DOC,0.5
DOCU,0.6428571428571429
DOMO,0.7333333333333333
DOOR,0.7272727272727273
DORM,0.45
DOV,0.6923076923076923
DOW,0.5625
DOX,0.5625
DOYU,0.5625
DPZ,0.3125
DQ,0.45454545454545453
DRD,0.2777777777777778
DRI,0.4
DRQ,0.6470588235294118
DSGX,0.45454545454545453
DSKE,0.6428571428571429
DSX,0.42857142857142855
DT,0.23529411764705882
DTE,0.46153846153846156
DTIL,0.42857142857142855
DUK,0.3333333333333333
DVA,0.6428571428571429
DVAX,0.6923076923076923
DVN,0.6666666666666666
DX,0.4
DXC,0.7692307692307693
DXCM,0.5714285714285714
DY,0.375
DYN,0.6111111111111112
EA,0.6923076923076923
EAF,0.5625
EAT,0.6470588235294118
EBAY,0.4
EBF,0.4
EBR,0.5
EBS,0.4375
EC,0.42105263157894735
ECL,0.6153846153846154
ECPG,0.4
ED,0.35714285714285715
EDIT,0.625
EDU,0.4117647058823529
EEFT,0.4117647058823529
EFC,0.2857142857142857
EFSC,0.21052631578947367
EFX,0.4117647058823529
EGBN,0.35294117647058826
EGHT,0.5
EGO,0.47058823529411764
EGP,0.5
EGRX,0.47058823529411764
EGY,0.4375
EHC,0.2857142857142857
EHTH,0.5
EIGR,0.5555555555555556
EIX,0.5384615384615384
EL,0.7692307692307693
ELAN,0.5
ELF,0.6666666666666666
ELS,0.5333333333333333
EME,0.5
EMN,0.6875
EMR,0.6
ENB,0.5714285714285714
ENLC,0.375
ENPH,0.26666666666666666
ENR,0.3333333333333333
ENS,0.3333333333333333
ENSG,0.5
ENTA,0.6923076923076923
ENTG,0.4
ENV,0.3181818181818182
ENVA,0.6363636363636364
EOLS,0.375
EOSE,0.6153846153846154
EPAC,0.3125
EPAM,0.6666666666666666
EPC,0.5
EPM,0.42105263157894735
EPR,0.4666666666666667
EPRT,0.47058823529411764
EQC,0.4375
EQH,0.4166666666666667
EQIX,0.6
EQNR,0.46153846153846156
EQR,0.38461538461538464
EQT,0.3333333333333333
ERIC,0.4444444444444444
ERII,0.5333333333333333
ES,0.4
ESI,0.42105263157894735
ESNT,0.2777777777777778
ESPR,0.5882352941176471
ESRT,0.5
ESS,0.42857142857142855
ESTC,0.4
ETN,0.36363636363636365
ETR,0.6428571428571429
ETRN,0.42857142857142855
ETSY,0.26666666666666666
EVBG,0.4
EVC,0.46153846153846156
EVER,0.3333333333333333
EVH,0.3333333333333333
EVRG,0.3888888888888889
EVRI,0.47058823529411764
EVTC,0.5555555555555556
EW,0.4375
EWBC,0.7142857142857143
EXEL,0.4
EXP,0.4666666666666667
EXPD,0.4375
EXPE,0.42857142857142855
EXPI,0.5
EXPO,0.5555555555555556
EXR,0.4
EXTR,0.5833333333333334
EYE,0.45
EZPW,0.375
F,0.38461538461538464
FAF,0.625
FANG,0.5
FAST,0.5294117647058824
FATE,0.3157894736842105
FBK,0.5384615384615384
FBNC,0.5
FBP,0.5
FCEL,0.3888888888888889
FCF,0.5384615384615384
FCFS,0.4
FCN,0.4090909090909091
FCPT,0.35714285714285715
FCX,0.35714285714285715
FDMT,0.42105263157894735
FDP,0.5
FDS,0.6428571428571429
FDUS,0.3333333333333333
FDX,0.6153846153846154
FE,0.5384615384615384
FELE,0.6666666666666666
FF,0.3333333333333333
FFBC,0.4375
FFIN,0.5
FFIV,0.46153846153846156
FFWM,0.5
FHB,0.7857142857142857
FHI,0.45454545454545453
FHN,0.4375
FIBK,0.4666666666666667
FICO,0.5294117647058824
FINV,0.5294117647058824
FIS,0.38461538461538464
FITB,0.5
FIVE,0.4
FIVN,0.5
FIX,0.3076923076923077
FIZZ,0.625
FL,0.5625
FLEX,0.5
FLGT,0.2777777777777778
FLL,0.5384615384615384
FLO,0.42105263157894735
FLR,0.5882352941176471
FLS,0.35294117647058826
FLT,0.6153846153846154
FLWS,0.45454545454545453
FMC,0.5714285714285714
FMX,0.4090909090909091
FN,0.3333333333333333
FNB,0.4117647058823529
FND,0.4166666666666667
FNF,0.3333333333333333
FNKO,0.3333333333333333
FORM,0.6
FOSL,0.3333333333333333
FOUR,0.6153846153846154
FOX,0.38461538461538464
FOXA,0.5294117647058824
FOXF,0.5
FPI,0.625
FREE,0.5714285714285714
FRO,0.6428571428571429
FROG,0.4666666666666667
FRPT,0.5384615384615384
FRT,0.5
FSK,0.46153846153846156
FSLR,0.4444444444444444
FSLY,0.26666666666666666
FSM,0.35294117647058826
FSR,0.47058823529411764
FSS,0.4666666666666667
FTAI,0.6
FTDR,0.375
FTNT,0.42857142857142855
FTV,0.6428571428571429
FUBO,0.4666666666666667
FUL,0.35714285714285715
FULT,0.38461538461538464
FUTU,0.4666666666666667
FVRR,0.6428571428571429
FWONA,0.38461538461538464
FWONK,0.45454545454545453
FWRD,0.6470588235294118
GAIN,0.19047619047619047
GAN,0.5
GATO,0.35294117647058826
GBCI,0.4666666666666667
GBIO,0.5
GBX,0.3888888888888889
GCI,0.56
GCMG,0.5555555555555556
GCO,0.4666666666666667
GD,0.7142857142857143
GDDY,0.3888888888888889
GDEN,0.5625
GDOT,0.47368421052631576
GDRX,0.5882352941176471
GDYN,0.7
GE,0.5
GERN,0.5333333333333333
GES,0.631578947368421
GEVO,0.6470588235294118
GFF,0.5
GFI,0.5
GFL,0.5384615384615384
GGAL,0.35
GGB,0.4666666666666667
GGG,0.55
GH,0.26666666666666666
GIII,0.2727272727272727
GIL,0.6666666666666666
GILD,0.8461538461538461
GILT,0.5333333333333333
GIS,0.5384615384615384
GKOS,0.5294117647058824
GL,0.3
GLAD,0.4
GLDD,0.5833333333333334
GLNG,0.38461538461538464
GLPI,0.5714285714285714
GLT,0.5384615384615384
GLW,0.6875
GM,0.26666666666666666
GMDA,0.3684210526315789
GME,0.5
GMED,0.6363636363636364
GMRE,0.6666666666666666
GNK,0.6
GNL,0.5333333333333333
GNRC,0.6
GNTX,0.5
GO,0.5333333333333333
GOGL,0.6666666666666666
GOGO,0.6
GOLD,0.26666666666666666
GOLF,0.2631578947368421
GOOD,0.3888888888888889
GOOG,0.3333333333333333
GOOGL,0.46153846153846156
GOOS,0.23076923076923078
GORO,0.4666666666666667
GOSS,0.6363636363636364
GPC,0.7692307692307693
GPK,0.5
GPMT,0.5555555555555556
GPN,0.5294117647058824
GPRE,0.6923076923076923
GPRK,0.6
GPRO,0.8
GPS,0.5714285714285714
GRBK,0.38461538461538464
GRMN,0.7
GRPN,0.4
GRTS,0.6363636363636364
GRWG,0.6923076923076923
GS,0.2857142857142857
GSAT,0.6153846153846154
GSBD,0.25
GSHD,0.45
GSL,0.22727272727272727
GSM,0.38095238095238093
GT,0.25
GTE,0.5
GTHX,0.8
GTLS,0.5
GTN,0.7
GVA,0.7272727272727273
GWRE,0.4117647058823529
GWW,0.375
H,0.2
HA,0.6666666666666666
HAE,0.6428571428571429
HAFC,0.5714285714285714
HAIN,0.4166666666666667
HAL,0.6
HALO,0.625
HAS,0.6428571428571429
HASI,0.3333333333333333
HBAN,0.39285714285714285
HBI,0.38461538461538464
HCA,0.375
HCC,0.23076923076923078
HCM,0.625
HCSG,0.5454545454545454
HD,0.3684210526315789
HDB,0.6
HDSN,0.35294117647058826
HE,0.35714285714285715
HEAR,0.7142857142857143
HEES,0.4375
HEI,0.5555555555555556
HELE,0.46153846153846156
HES,0.36363636363636365
HESM,0.47058823529411764
HFWA,0.6153846153846154
HGV,0.6
HI,0.5238095238095238
HIBB,0.4117647058823529
HIG,0.5
HII,0.42857142857142855
HIMX,0.4375
HIW,0.35714285714285715
HL,0.6
HLI,0.4666666666666667
HLIT,0.3684210526315789
HLNE,0.2631578947368421
HLT,0.5263157894736842
HLX,0.5555555555555556
HMN,0.2631578947368421
HMY,0.5384615384615384
HNI,0.5714285714285714
HNRG,0.6
HOG,0.5333333333333333
HOLI,0.5714285714285714
HOLX,0.2777777777777778
HOMB,0.6923076923076923
HON,0.5
HONE,0.5555555555555556
HOPE,0.38461538461538464
HP,0.2631578947368421
HPE,0.5
HPP,0.6153846153846154
HPQ,0.36363636363636365
HQY,0.46153846153846156
HR,0.5714285714285714
HRB,0.47058823529411764
HRI,0.45454545454545453
HRL,0.6
HRZN,0.4166666666666667
HSII,0.35294117647058826
HST,0.3125
HSY,0.7
HTBK,0.6666666666666666
HTGC,0.1111111111111111
HTHT,0.375
HTLD,0.6666666666666666
HUBB,0.42857142857142855
HUBG,0.42105263157894735
HUBS,0.47368421052631576
HUM,0.4166666666666667
HUN,0.5
HURN,0.5714285714285714
HUYA,0.5384615384615384
HVT,0.4375
HWC,0.5
HWM,0.5333333333333333
HXL,0.4
HYLN,0.4375
HYMC,0.5
HZO,0.7
IAC,0.35714285714285715
IAG,0.6666666666666666
IART,0.35294117647058826
IBIO,0.3333333333333333
IBKR,0.6363636363636364
IBM,0.7333333333333333
IBN,0.35
IBOC,0.5
IBP,0.47058823529411764
IBTX,0.47058823529411764
ICE,0.6153846153846154
ICHR,0.5555555555555556
ICL,0.5
ICLR,0.5714285714285714
ICUI,0.29411764705882354
IDCC,0.5714285714285714
IDEX,0.45454545454545453
IDXX,0.4117647058823529
IDYA,0.4375
IEX,0.4
IFF,0.35294117647058826
IGMS,0.5333333333333333
IGT,0.5714285714285714
IHRT,0.3333333333333333
IIPR,0.5833333333333334
ILMN,0.5294117647058824
ILPT,0.6666666666666666
IMAB,0.38095238095238093
IMAX,0.36363636363636365
IMKTA,0.4666666666666667
IMMR,0.4375
IMUX,0.3076923076923077
IMXI,0.5
INDB,0.45454545454545453
INFN,0.6
INGN,0.7272727272727273
INGR,0.35714285714285715
INMD,0.5
INN,0.4444444444444444
INO,0.46153846153846156
INSG,0.375
INSM,0.45454545454545453
INSP,0.5
INSW,0.5
INTC,0.6
INVH,0.3157894736842105
IONS,0.5
IOVA,0.6
IP,0.42857142857142855
IPG,0.47058823529411764
IPGP,0.2
IPI,0.3888888888888889
IQ,0.7333333333333333
IQV,0.3888888888888889
IR,0.5454545454545454
IRBT,0.391304347826087
IRDM,0.5
IRM,0.35714285714285715
IRTC,0.5454545454545454
IRWD,0.5
ITCI,0.5714285714285714
ITGR,0.36363636363636365
ITOS,0.5384615384615384
ITRI,0.42105263157894735
ITT,0.5
ITUB,0.45
ITW,0.4
IVR,0.4166666666666667
IVZ,0.36363636363636365
JACK,0.5714285714285714
JAMF,0.4166666666666667
JAZZ,0.5
JBHT,0.5263157894736842
JBL,0.35714285714285715
JBLU,0.5833333333333334
JBT,0.6666666666666666
JCI,0.5384615384615384
JD,0.5384615384615384
JEF,0.4444444444444444
JELD,0.46153846153846156
JHG,0.6666666666666666
JKHY,0.5
JKS,0.46153846153846156
JLL,0.5
JMIA,0.5294117647058824
JNJ,0.5
JNPR,0.35294117647058826
JOE,0.4
JPM,0.7857142857142857
JRVR,0.4
JWN,0.6428571428571429
KALU,0.6
KALV,0.5625
KAMN,0.4
KAR,0.4117647058823529
KB,0.35714285714285715
KBH,0.42857142857142855
KBR,0.36363636363636365
KC,0.15789473684210525
KDP,0.35714285714285715
KELYA,0.6153846153846154
KEP,0.45454545454545453
KEX,0.625
KEY,0.5555555555555556
KEYS,0.47058823529411764
KFY,0.6
KGC,0.6875
KHC,0.75
KIM,0.4
KKR,0.3
KLAC,0.5555555555555556
KLIC,0.3333333333333333
KMB,0.46153846153846156
KMI,0.5
KMPR,0.5
KMT,0.4
KMX,0.5714285714285714
KN,0.3333333333333333
KNDI,0.3333333333333333
KNOP,0.35714285714285715
KNSA,0.7142857142857143
KNSL,0.7272727272727273
KNX,0.4166666666666667
KO,0.47058823529411764
KOD,0.5
KODK,0.4666666666666667
KOF,0.35294117647058826
KOPN,0.5714285714285714
KOS,0.3888888888888889
KPTI,0.4666666666666667
KR,0.5
KRC,0.3333333333333333
KRNT,0.46153846153846156
KRNY,0.2727272727272727
KRO,0.5
KSS,0.7333333333333333
KT,0.5833333333333334
KTB,0.4444444444444444
KTOS,0.35294117647058826
KURA,0.5
KW,0.8181818181818182
KYMR,0.47619047619047616
L,0.5
LAD,0.5454545454545454
LADR,0.625
LAMR,0.4375
LANC,0.5714285714285714
LAND,0.5833333333333334
LASR,0.5555555555555556
LAUR,0.5454545454545454
LAZR,0.35714285714285715
LBAI,0.4166666666666667
LBRDK,0.5714285714285714
LBRT,0.35294117647058826
LBTYA,0.3125
LBTYK,0.47368421052631576
LC,0.5
LCII,0.3888888888888889
LCTX,0.25
LDOS,0.6666666666666666
LEA,0.3
LEG,0.24
LEGN,0.625
LEN,0.6363636363636364
LESL,0.4
LEVI,0.75
LGND,0.5833333333333334
LH,0.45454545454545453
LHX,0.125
LI,0.5882352941176471
LII,0.5384615384615384
LILA,0.35294117647058826
LILAK,0.4444444444444444
LIND,0.4117647058823529
LITE,0.2631578947368421
LIVN,0.2777777777777778
LKQ,0.3076923076923077
LL,0.4117647058823529
LLY,0.35294117647058826
LMND,0.3333333333333333
LMT,0.4
LNC,0.5
LNG,0.5833333333333334
LNT,0.4444444444444444
LNTH,0.5
LOB,0.46153846153846156
LOCO,0.46153846153846156
LOGI,0.5
LOPE,0.2727272727272727
LOW,0.46153846153846156
LPG,0.6875
LPL,0.5882352941176471
LPLA,0.6363636363636364
LPRO,0.38461538461538464
LPSN,0.8
LPX,0.7857142857142857
LQDA,0.5714285714285714
LQDT,0.46153846153846156
LRCX,0.6363636363636364
LRN,0.7857142857142857
LSCC,0.4375
LSPD,0.4
LSTR,0.5714285714285714
LTC,0.7857142857142857
LU,0.5384615384615384
LULU,0.5
LUMN,0.5
LUNG,0.23529411764705882
LW,0.3125
LX,0.6
LXP,0.47368421052631576
LXRX,0.5
LYB,0.6428571428571429
LYFT,0.5
M,0.26666666666666666
MA,0.46153846153846156
MAC,0.6153846153846154
MAIN,0.4375
MAN,0.6
MANU,0.75
MAR,0.3333333333333333
MARA,0.5
MARK,0.3333333333333333
MAS,0.3157894736842105
MASI,0.7272727272727273
MAT,0.35714285714285715
MATW,0.8
MATX,0.5714285714285714
MAX,0.3125
MAXN,0.5714285714285714
MBI,0.3
MC,0.4666666666666667
MCD,0.46153846153846156
MCFT,0.5
MCHP,0.6428571428571429
MCK,0.5294117647058824
MCRB,0.45454545454545453
MCS,0.4375
MCY,0.3333333333333333
MD,0.15384615384615385
MDB,0.4444444444444444
MDC,0.5
MDGL,0.6666666666666666
MDRX,0.6875
MDT,0.375
MDXG,0.3333333333333333
MED,0.6666666666666666
MEDP,0.5
MEG,0.7857142857142857
MELI,0.6428571428571429
MESA,0.6
MET,0.6428571428571429
META,0.5333333333333333
MFA,0.4444444444444444
MFG,0.4
MGEE,0.3157894736842105
MGM,0.5714285714285714
MGNI,0.20833333333333334
MGNX,0.5
MGY,0.4
MHK,0.5384615384615384
MHO,0.5
MIDD,0.375
MITK,0.6363636363636364
MITT,0.4666666666666667
MKC,0.5
MKL,0.6428571428571429
MKSI,0.3125
MKTX,0.36
MLCO,0.4117647058823529
MLM,0.5
MMC,0.38095238095238093
MMM,0.5882352941176471
MMS,0.5
MMSI,0.4583333333333333
MMYT,0.29411764705882354
MNKD,0.375
MNRO,0.42857142857142855
MNSO,0.35294117647058826
MNST,0.7
MO,0.5
MOD,0.5714285714285714
MODN,0.2222222222222222
MOH,0.5833333333333334
MOMO,0.6923076923076923
MORF,0.4375
MOS,0.3
MOV,0.5
MP,0.35714285714285715
MPC,0.47058823529411764
MPLN,0.35294117647058826
MPW,0.5263157894736842
MPWR,0.35714285714285715
MRAM,0.8
MRC,0.20833333333333334
MRCY,0.3888888888888889
MREO,0.29411764705882354
MRK,0.5
MRNA,0.5384615384615384
MRNS,0.75
MRO,0.5625
MRSN,0.55
MRTN,0.5
MRVI,0.47368421052631576
MRVL,0.42857142857142855
MS,0.4666666666666667
MSCI,0.6923076923076923
MSFT,0.6666666666666666
MSGS,0.6153846153846154
MSI,0.5454545454545454
MSM,0.5714285714285714
MSTR,0.29411764705882354
MTA,0.13333333333333333
MTB,0.7
MTCH,0.6153846153846154
MTDR,0.47058823529411764
MTG,0.42857142857142855
MTH,0.6923076923076923
MTN,0.7272727272727273
MTSI,0.4
MTW,0.75
MTX,0.6
MTZ,0.4117647058823529
MUFG,0.5
MUR,0.7
MUSA,0.36363636363636365
MUX,0.5714285714285714
MVIS,0.6666666666666666
MWA,0.35714285714285715
MX,0.3333333333333333
MXL,0.7142857142857143
MYE,0.3333333333333333
MYGN,0.5454545454545454
MYRG,0.46153846153846156
NAK,0.4
NARI,0.8571428571428571
NAT,0.23809523809523808
NAVI,0.4444444444444444
NBIX,0.6666666666666666
NBR,0.3333333333333333
NBTB,0.6923076923076923
NCLH,0.5
NCMI,0.42857142857142855
NCNO,0.5833333333333334
NDAQ,0.4375
NDSN,0.6153846153846154
NEE,0.42857142857142855
NEM,0.5714285714285714
NEO,0.3333333333333333
NEOG,0.6428571428571429
NEP,0.5
NET,0.5
NEWT,0.5
NEXT,0.42857142857142855
NFBK,0.5555555555555556
NFE,0.5882352941176471
NFG,0.36363636363636365
NG,0.4090909090909091
NGM,0.9166666666666666
NGVT,0.26666666666666666
NHI,0.3333333333333333
NI,0.5454545454545454
NICE,0.5625
NIO,0.6363636363636364
NIU,0.35294117647058826
NJR,0.47058823529411764
NKE,0.5714285714285714
NKLA,0.5625
NKTR,0.4666666666666667
NKTX,0.5625
NLY,0.3
NMFC,0.5263157894736842
NMIH,0.5833333333333334
NMR,0.3333333333333333
NMRK,0.6428571428571429
NNDM,0.6428571428571429
NNN,0.35714285714285715
NNOX,0.42857142857142855
NOC,0.375
NOG,0.5
NOV,0.5333333333333333
NOW,0.35294117647058826
NR,0.3333333333333333
NRG,0.2727272727272727
NRIX,0.5833333333333334
NSA,0.3125
NSC,0.45454545454545453
NSP,0.4375
NSTG,0.7272727272727273
NTAP,0.4117647058823529
NTB,0.4375
NTCT,0.55
NTES,0.5454545454545454
NTGR,0.5294117647058824
NTLA,0.4444444444444444
NTNX,0.7272727272727273
NTRA,0.7142857142857143
NTRS,0.47368421052631576
NTST,0.5
NUE,0.5
NUS,0.7272727272727273
NVCR,0.4
NVDA,0.38461538461538464
NVR,0.26666666666666666
NVST,0.43478260869565216
NVT,0.6153846153846154
NVTA,0.5714285714285714
NWBI,0.5714285714285714
NWE,0.5384615384615384
NWL,0.5384615384615384
NWN,0.6875
NWS,0.6363636363636364
NWSA,0.3333333333333333
NX,0.4
NXE,0.75
NXPI,0.46153846153846156
NYCB,0.5333333333333333
NYMT,0.625
NYT,0.4117647058823529
O,0.7
OC,0.6428571428571429
OCGN,0.6363636363636364
OCSL,0.2
OCUL,0.25
ODFL,0.6428571428571429
ODP,0.3076923076923077
OEC,0.3888888888888889
OFG,0.18181818181818182
OGE,0.8181818181818182
OGI,0.4
OGS,0.6428571428571429
OI,0.42105263157894735
OII,0.6470588235294118
OKE,0.6428571428571429
OKTA,0.4
OLED,0.46153846153846156
OLLI,0.46153846153846156
OLN,0.5555555555555556
OMC,0.3076923076923077
OMCL,0.38095238095238093
OMER,0.6
OMF,0.5
OMI,0.5
ON,0.6153846153846154
ONB,0.35714285714285715
ONTO,0.3181818181818182
OPCH,0.5384615384615384
OPI,0.4375
OPK,0.4444444444444444
OPRX,0.6
OR,0.5
ORA,0.6666666666666666
ORC,0.45
ORCL,0.75
ORGO,0.38461538461538464
ORLY,0.5
ORMP,0.22727272727272727
OSBC,0.3684210526315789
OSK,0.47619047619047616
OSPN,0.7
OSW,0.5625
OTEX,0.7
OTIS,0.35294117647058826
OTTR,0.6363636363636364
OXLC,0.5263157894736842
OXM,0.5
OXSQ,0.2777777777777778
OXY,0.5384615384615384
OZK,0.3333333333333333
PAAS,0.47058823529411764
PACB,0.55
PACK,0.5714285714285714
PAG,0.5
PAGP,0.2777777777777778
PAGS,0.8333333333333334
PAM,0.6923076923076923
PANW,0.3333333333333333
PAR,0.2222222222222222
PARR,0.6666666666666666
PATK,0.3333333333333333
PAYC,0.46153846153846156
PAYX,0.5
PB,0.42857142857142855
PBH,0.5
PBI,0.35294117647058826
PBR,0.5384615384615384
PBYI,0.23529411764705882
PCAR,0.6153846153846154
PCG,0.8571428571428571
PCH,0.6666666666666666
PCRX,0.35714285714285715
PCTY,0.5625
PCVX,0.25
PD,0.4117647058823529
PDCO,0.4117647058823529
PDD,0.5263157894736842
PDFS,0.5
PDSB,0.3333333333333333
PEAK,0.6
PEG,0.625
PEGA,0.6923076923076923
PEN,0.5
PENN,0.47058823529411764
PEP,0.6
PERI,0.6428571428571429
PETQ,0.4
PETS,0.47058823529411764
PFC,0.75
PFE,0.5714285714285714
PFG,0.8461538461538461
PFGC,0.7333333333333333
PFLT,0.26666666666666666
PFS,0.631578947368421
PFSI,0.7692307692307693
PG,0.5384615384615384
PGEN,0.5
PGNY,0.35714285714285715
PGRE,0.25
PGTI,0.3888888888888889
PH,0.6428571428571429
PHM,0.47368421052631576
PHUN,0.18181818181818182
PI,0.3333333333333333
PII,0.3333333333333333
PINC,0.8181818181818182
PINS,0.6153846153846154
PJT,0.5555555555555556
PK,0.4375
PKG,0.7272727272727273
PKX,0.4444444444444444
PLAB,0.46153846153846156
PLAY,0.3888888888888889
PLCE,0.5833333333333334
PLD,0.3333333333333333
PLMR,0.75
PLNT,0.5
PLTR,0.375
PLUG,0.35714285714285715
PLYA,0.2222222222222222
PLYM,0.5454545454545454
PM,0.75
PMT,0.7
PMVP,0.6666666666666666
PNC,0.6153846153846154
PNFP,0.5882352941176471
PNNT,0.2857142857142857
PNR,0.23529411764705882
PNTG,0.7
PNW,0.11764705882352941
PODD,0.36363636363636365
POOL,0.42857142857142855
POR,0.6153846153846154
POST,0.5
POWI,0.23529411764705882
PPBI,0.46153846153846156
PPC,0.3
PPG,0.8
PPL,0.4166666666666667
PRAA,0.35294117647058826
PRDO,0.375
PRFT,0.4666666666666667
PRG,0.4166666666666667
PRGO,0.4117647058823529
PRGS,0.5
PRI,0.42857142857142855
PRIM,0.6666666666666666
PRLB,0.6428571428571429
PRO,0.5384615384615384
PRPL,0.4375
PRTA,0.375
PRTS,0.5833333333333334
PRU,0.4444444444444444
PSA,0.6666666666666666
PSEC,0.42857142857142855
PSMT,0.26666666666666666
PSN,0.45
PSNL,0.23076923076923078
PSTG,0.46153846153846156
PSTX,0.5
PSX,0.6
PTC,0.4
PTCT,0.3125
PTEN,0.47368421052631576
PTGX,0.42105263157894735
PTON,0.4666666666666667
PTVE,0.5454545454545454
PUBM,0.5454545454545454
PUMP,0.4666666666666667
PVH,0.6666666666666666
PWR,0.4117647058823529
PXD,0.5
PYPL,0.46153846153846156
PZZA,0.2222222222222222
QCOM,0.3888888888888889
QD,0.5
QDEL,0.3333333333333333
QFIN,0.3684210526315789
QGEN,0.75
QLYS,0.5
QNST,0.36363636363636365
QRTEA,0.36363636363636365
QRVO,0.6428571428571429
QS,0.42105263157894735
QTRX,0.5384615384615384
QTWO,0.47058823529411764
QUAD,0.5454545454545454
R,0.7142857142857143
RACE,0.5833333333333334
RAPT,0.4
RARE,0.42105263157894735
RBBN,0.8333333333333334
RC,0.375
RCKT,0.5
RCL,0.3333333333333333
RCM,0.6153846153846154
RCUS,0.35294117647058826
RDFN,0.6111111111111112
RDN,0.45454545454545453
RDNT,0.5333333333333333
RDWR,0.5
RDY,0.25
REAL,0.5384615384615384
REG,0.9090909090909091
REGN,0.5454545454545454
REI,0.38461538461538464
REPL,0.4375
RES,0.5384615384615384
REVG,0.5
REXR,0.42857142857142855
REYN,0.7272727272727273
REZI,0.26666666666666666
RF,0.4444444444444444
RGA,0.4117647058823529
RGEN,0.25
RGLD,0.5384615384615384
RGNX,0.8
RGP,0.15
RGR,0.38461538461538464
RH,0.4375
RHI,0.5
RIG,0.375
RILY,0.42857142857142855
RIOT,0.6153846153846154
RJF,0.5833333333333334
RKT,0.5714285714285714
RL,0.75
RLGT,0.3333333333333333
RLI,0.6428571428571429
RLJ,0.5384615384615384
RMAX,0.38461538461538464
RMBS,0.4090909090909091
RMD,0.5833333333333334
RMNI,0.5555555555555556
RNA,0.5833333333333334
RNG,0.42105263157894735
RNR,0.75
RNST,0.36363636363636365
ROAD,0.26666666666666666
ROCK,0.6
ROK,0.6
ROKU,0.4444444444444444
ROL,0.25
ROP,0.3076923076923077
ROST,0.9090909090909091
RPAY,0.4166666666666667
RPD,0.29411764705882354
RPM,0.3125
RPRX,0.6363636363636364
RRC,0.7692307692307693
RRGB,0.3684210526315789
RRR,0.35294117647058826
RS,0.3333333333333333
RSG,0.46153846153846156
RTX,0.75
RUN,0.3333333333333333
RVLV,0.2777777777777778
RVMD,0.5833333333333334
RVNC,0.6666666666666666
RWT,0.6666666666666666
RXT,0.42105263157894735
RYAM,0.47058823529411764
RYN,0.7142857142857143
RYTM,0.5
SA,0.5714285714285714
SACH,0.6470588235294118
SAGE,0.6428571428571429
SAH,0.4666666666666667
SAIA,0.4166666666666667
SAM,0.6666666666666666
SAND,0.6
SANM,0.29411764705882354
SAP,0.3125
SASR,0.4444444444444444
SATS,0.2727272727272727
SAVE,0.3333333333333333
SB,0.6428571428571429
SBAC,0.375
SBCF,0.4375
SBGI,0.4375
SBH,0.6666666666666666
SBLK,0.5294117647058824
SBRA,0.5384615384615384
SBS,0.35
SBSI,0.4166666666666667
SBSW,0.47058823529411764
SBUX,0.35294117647058826
SCCO,0.4
SCHL,0.5833333333333334
SCHW,0.5384615384615384
SCI,0.5
SCS,0.5333333333333333
SCVL,0.6470588235294118
SDGR,0.38461538461538464
SE,0.4444444444444444
SEAS,0.6363636363636364
SEDG,0.47619047619047616
SEE,0.45454545454545453
SEER,1.0
SEM,0.5384615384615384
SENS,0.3333333333333333
SF,0.7
SFIX,0.5333333333333333
SFL,0.4782608695652174
SFM,0.5
SFNC,0.4666666666666667
SGH,0.4444444444444444
SGMO,0.30434782608695654
SGRY,0.4
SHAK,0.43478260869565216
SHC,0.2857142857142857
SHEN,0.8333333333333334
SHO,0.6923076923076923
SHOO,0.5454545454545454
SHOP,0.6428571428571429
SHW,0.5
SIBN,0.23809523809523808
SID,0.4375
SIG,0.42857142857142855
SIGI,0.625
SILK,0.375
SILV,0.6428571428571429
SIMO,0.38461538461538464
SIRI,0.6666666666666666
SITC,0.43478260869565216
SITE,0.4666666666666667
SITM,0.42857142857142855
SIX,0.7272727272727273
SJM,0.4090909090909091
SJW,0.5333333333333333
SKM,0.75
SKX,0.5333333333333333
SKY,0.5
SKYW,0.45454545454545453
SLAB,0.6
SLG,0.375
SLGN,0.4444444444444444
SLM,0.2222222222222222
SLQT,0.4666666666666667
SLRC,0.5
SM,0.4117647058823529
SMAR,0.6666666666666666
SMCI,0.6842105263157895
SMFG,0.3
SMG,0.3333333333333333
SMPL,0.5882352941176471
SMTC,0.23529411764705882
SNA,0.5
SNAP,0.5833333333333334
SNBR,0.4117647058823529
SNDL,0.4666666666666667
SNDR,0.4166666666666667
SNDX,0.23809523809523808
SNOW,0.26666666666666666
SNPS,0.46153846153846156
SNV,0.375
SNX,0.5454545454545454
SO,0.8
SOI,0.42857142857142855
SOLO,0.2857142857142857
SON,0.4
SONO,0.5384615384615384
SPB,0.6
SPCE,0.25
SPG,0.35714285714285715
SPGI,0.4666666666666667
SPLK,0.375
SPOT,0.4444444444444444
SPR,0.46153846153846156
SPRO,0.6363636363636364
SPSC,0.3157894736842105
SPT,0.5714285714285714
SPTN,0.5625
SPWH,0.3333333333333333
SPWR,0.5
SPXC,0.375
SQ,0.3888888888888889
SQM,0.5384615384615384
SR,0.42857142857142855
SRCL,0.5714285714285714
SRE,0.7692307692307693
SRG,0.7692307692307693
SRRK,0.5333333333333333
SSB,0.5
SSD,0.5384615384615384
SSL,0.35294117647058826
SSNC,0.6
SSP,0.7777777777777778
SSTK,0.5384615384615384
SSYS,0.6363636363636364
ST,0.4090909090909091
STAG,0.45454545454545453
STC,0.4117647058823529
STE,0.5294117647058824
STKL,0.47368421052631576
STLD,0.375
STM,0.5
STNE,0.15789473684210525
STNG,0.4166666666666667
STOK,0.3333333333333333
STRA,0.38461538461538464
STRL,0.5
STRO,0.2222222222222222
STWD,0.42105263157894735
STZ,0.6
SUI,0.5333333333333333
SUM,0.5555555555555556
SUPN,0.36363636363636365
SUZ,0.4666666666666667
SVC,0.5333333333333333
SWAV,0.2631578947368421
SWBI,0.4666666666666667
SWI,0.23529411764705882
SWK,0.6666666666666666
SWKS,0.5
SWN,0.5384615384615384
SWTX,0.8333333333333334
SWX,0.5
SXC,0.35
SXT,0.35
SYF,0.46153846153846156
SYK,0.5333333333333333
SYNA,0.5833333333333334
T,0.3076923076923077
TAK,0.18181818181818182
TAL,0.5
TALO,0.7
TBI,0.6
TBLT,0.375
TBPH,0.5333333333333333
TCBI,0.5294117647058824
TCMD,0.5333333333333333
TCOM,0.5714285714285714
TCPC,0.5294117647058824
TCS,0.4666666666666667
TD,0.5625
TDC,0.3333333333333333
TDG,0.35294117647058826
TDOC,0.4583333333333333
TDS,0.5
TDY,0.5333333333333333
TEAM,0.5
TECH,0.5
TECK,0.631578947368421
TEL,0.7272727272727273
TELL,0.5
TENB,0.2631578947368421
TER,0.3333333333333333
TEVA,0.6666666666666666
TEX,0.5384615384615384
TFC,0.7
TFII,0.4666666666666667
TFSL,0.4
TFX,0.22727272727272727
TG,0.6923076923076923
TGB,0.5833333333333334
TGH,0.375
TGI,0.6
TGNA,0.5294117647058824
TGT,0.35294117647058826
TGTX,0.5833333333333334
THC,0.2631578947368421
THG,0.5
THO,0.5333333333333333
THR,0.38461538461538464
THRM,0.6923076923076923
THS,0.75
TIGR,0.5882352941176471
TILE,0.4
TIMB,0.3888888888888889
TITN,0.2777777777777778
TJX,0.6363636363636364
TK,0.5
TKR,0.5714285714285714
TLK,0.3333333333333333
TLRY,0.35294117647058826
TLYS,0.4666666666666667
TME,1.0
TMHC,0.5625
TMST,0.35294117647058826
TMUS,0.4375
TNDM,0.6111111111111112
TNET,0.5
TNK,0.6153846153846154
TNP,0.47368421052631576
TOL,0.4375
TOWN,0.42857142857142855
TPC,0.3333333333333333
TPH,0.5833333333333334
TPIC,0.3333333333333333
TPR,0.3076923076923077
TPVG,0.2857142857142857
TPX,0.8
TR,0.75
TREX,0.7142857142857143
TRIP,0.5714285714285714
TRMB,0.6666666666666666
TRMK,0.6666666666666666
TRN,0.5714285714285714
TRNO,0.7272727272727273
TROW,0.5714285714285714
TROX,0.5833333333333334
TRUE,0.375
TRUP,0.4117647058823529
TRV,0.4666666666666667
TRVG,0.47368421052631576
TSCO,0.8571428571428571
TSE,0.6153846153846154
TSEM,0.3157894736842105
TSLA,0.5
TSLX,0.625
TSM,0.26666666666666666
TSN,0.5333333333333333
TT,0.3333333333333333
TTC,0.5833333333333334
TTD,0.2631578947368421
TTEC,0.3888888888888889
TTEK,0.4
TTGT,0.6
TTI,0.4090909090909091
TTMI,0.42857142857142855
TTOO,0.38461538461538464
TTWO,0.42857142857142855
TU,0.375
TUP,0.5333333333333333
TV,0.4
TW,0.3076923076923077
TWI,0.4375
TWLO,0.28
TWO,0.7
TWOU,0.5333333333333333
TWST,0.4
TX,0.4117647058823529
TXG,0.8
TXN,0.4666666666666667
TXRH,0.5714285714285714
TXT,0.5714285714285714
TYL,0.4375
U,0.2857142857142857
UA,0.5
UAA,0.6363636363636364
UAL,0.47058823529411764
UBER,0.8333333333333334
UBS,0.26666666666666666
UBSI,0.6153846153846154
UCBI,0.46153846153846156
UCTT,0.5
UDR,0.5789473684210527
UE,0.6923076923076923
UEC,0.6153846153846154
UFPI,0.46153846153846156
UGI,0.5454545454545454
UGP,0.5714285714285714
UHS,0.3888888888888889
UIS,0.4117647058823529
ULTA,0.6
UMBF,0.5294117647058824
UMC,0.43478260869565216
UMH,0.625
UNFI,0.8
UNH,0.3076923076923077
UNIT,0.3333333333333333
UNM,0.5454545454545454
UNP,0.3333333333333333
UPS,0.6153846153846154
UPWK,0.5454545454545454
URBN,0.35294117647058826
URI,0.3333333333333333
USB,0.47058823529411764
USFD,0.4090909090909091
USM,0.5714285714285714
UTHR,0.4666666666666667
UTZ,0.6470588235294118
UUUU,0.4666666666666667
UVE,0.42857142857142855
UVV,0.4
V,0.23076923076923078
VAC,0.55
VALE,0.6428571428571429
VBIV,0.4666666666666667
VBTX,0.3888888888888889
VC,0.2777777777777778
VCEL,0.47058823529411764
VCYT,0.35294117647058826
VECO,0.6428571428571429
VEEV,0.375
VERI,0.4166666666666667
VET,0.47368421052631576
VFC,0.35714285714285715
VFF,0.7142857142857143
VGR,0.3888888888888889
VIAV,0.35
VICI,0.6153846153846154
VICR,0.5625
VIPS,0.47058823529411764
VIR,0.2857142857142857
VIRT,0.5714285714285714
VITL,0.6111111111111112
VIV,0.46153846153846156
VKTX,0.21428571428571427
VLO,0.47058823529411764
VLRS,0.5
VLY,0.4
VMC,0.4375
VNDA,0.5
VNET,0.35294117647058826
VNO,0.29411764705882354
VNOM,0.5833333333333334
VNT,0.47058823529411764
VOD,0.45
VOYA,0.5333333333333333
VRA,0.6363636363636364
VREX,0.6
VRM,0.5333333333333333
VRNS,0.5555555555555556
VRNT,0.19047619047619047
VRRM,0.5625
VRSK,0.2777777777777778
VRSN,0.3684210526315789
VRTX,0.35714285714285715
VSAT,0.5833333333333334
VSH,0.4
VST,0.4166666666666667
VSTO,0.4375
VTGN,0.5
VTR,0.42857142857142855
VTRS,0.2
VUZI,0.5625
VVI,0.6666666666666666
VVV,0.3888888888888889
VXRT,0.35
VYGR,0.5714285714285714
VZ,0.5
W,0.4117647058823529
WAB,0.42857142857142855
WAFD,0.35
WAL,0.6428571428571429
WAT,0.5833333333333334
WB,0.6111111111111112
WBA,0.6153846153846154
WBS,0.7058823529411765
WCC,0.5454545454545454
WD,0.3333333333333333
WDAY,0.5384615384615384
WDC,0.21052631578947367
WEC,0.4666666666666667
WELL,0.5454545454545454
WEN,0.47368421052631576
WERN,0.6
WEX,0.30434782608695654
WGO,0.5
WH,0.6
WHD,0.5416666666666666
WHR,0.5
WING,0.35714285714285715
WIRE,0.5
WIT,0.2857142857142857
WIX,0.8333333333333334
WK,0.6923076923076923
WKHS,0.4117647058823529
WLK,0.38095238095238093
WM,0.4666666666666667
WMB,0.2222222222222222
WMG,0.46153846153846156
WMS,0.4444444444444444
WMT,0.38461538461538464
WNC,0.6
WNS,0.42857142857142855
WOR,0.3157894736842105
WOW,0.5454545454545454
WPC,0.4
WPM,0.4666666666666667
WRB,0.3076923076923077
WRK,0.5384615384615384
WSBC,0.2777777777777778
WSC,0.5833333333333334
WSO,0.6153846153846154
WSR,0.5833333333333334
WST,0.23529411764705882
WTFC,0.4
WTI,0.5384615384615384
WTRG,0.5333333333333333
WTTR,0.5
WU,0.6666666666666666
WVE,0.38461538461538464
WW,0.4375
WWD,0.4166666666666667
WWW,0.45
WY,0.55
WYNN,0.3888888888888889
X,0.3125
XAIR,0.5294117647058824
XEL,0.35294117647058826
XELA,0.9090909090909091
XENE,0.5833333333333334
XERS,0.7058823529411765
XNCR,0.5625
XOM,0.3333333333333333
XP,0.6153846153846154
XPEL,0.5294117647058824
XPEV,0.6153846153846154
XPO,0.6
XRAY,0.7
XRX,0.5714285714285714
XYL,0.7857142857142857
YELP,0.4666666666666667
YETI,0.5714285714285714
YEXT,0.5
YPF,0.46153846153846156
YSG,0.55
YUM,0.5625
YUMC,0.42105263157894735
YY,0.5625
ZBH,0.5333333333333333
ZBRA,0.4
ZI,0.5454545454545454
ZION,0.5
ZM,0.7
ZNTL,0.4666666666666667
ZOM,0.5
ZS,0.5714285714285714
ZUO,0.47058823529411764
ZYME,0.3333333333333333
ZYXI,
